Customer ID,Customer Name,Email,Phone Number,Address Line 1,City,Country,Postcode,Loyalty Card
948689-54779-PX,Jennifer Prince,norrisjason@yahoo.com,170-246-977,402 Ware Island,Bellfurt,United Kingdom,90807,No
261989-89133-ST,Catherine Kent,cristinawolfe@lee.info,698-740-133,90862 Vance Haven,Boothport,United States,77868,No
685463-89567-IC,Rebecca Rice,thale@gmail.com,745-524-226,5275 Matthew Expressway Suite 324,South Jonathanton,United States,49017,No
664968-31924-NC,Todd White,tracycampbell@gmail.com,858-754-509,690 Mitchell Pine Suite 141,Port Michellestad,United States,60589,Yes
421827-72449-BY,Alexander Burnett,tranlinda@gmail.com,760-272-133,9844 Ruiz Knoll Suite 732,North Tony,United Kingdom,96425,Yes
563415-51776-IQ,Bruce Holt,gary77@hotmail.com,887-181-870,49203 Lori Inlet Suite 657,Lake Pamelaberg,United Kingdom,16146,Yes
843472-26283-DT,Shannon Green,misty74@lambert.com,432-126-376,64541 William Brooks Suite 831,East Jacob,United Kingdom,19971,No
595168-33250-UA,Yesenia Martinez,sdavis@chandler.com,238-804-110,99170 Bradley Roads Apt. 290,North Andrewfurt,Ireland,66512,Yes
617809-77530-ZN,David Ellis,aaron58@wang.org,318-505-858,629 Allen Lights Apt. 937,Jimenezburgh,United States,23371,No
282537-91322-OB,Todd Taylor,mitchelldanielle@reed.org,540-679-668,2450 Johnson Lights,Port Brendan,United States,18225,Yes
315369-85725-EO,Brett Ramos,montgomerykatie@mcknight.com,270-107-456,683 Rivers Curve Suite 705,Lake Patrick,Ireland,85917,No
191370-84217-QJ,Crystal Hill,karen90@gmail.com,340-617-309,8908 Crawford Mountain,South Troyview,United Kingdom,29073,Yes
265791-80125-NC,Laura Ibarra,thomas38@ruiz.com,116-965-515,6694 Foster Points Apt. 005,West Kristen,Ireland,28664,Yes
785194-42400-CU,Kevin David,rothjennifer@vazquez.org,854-125-360,74275 Carroll Dale,Jamesland,United Kingdom,25548,Yes
561003-62175-BY,Michael Zamora,tuckerteresa@mclaughlin-hardin.info,411-486-987,88220 Campbell Park Suite 252,Lake Aliciabury,United States,50762,No
948478-38935-PX,Allen Page,yorkkaitlin@gmail.com,280-396-980,3116 Steven Fall Suite 271,South Robert,Ireland,98904,No
658536-48459-RG,Nicole Davis,vhicks@yahoo.com,378-858-830,41733 Natalie Unions,Catherinefort,United Kingdom,41593,Yes
713017-41051-HI,Tiffany Wagner,crystal91@martinez-wilcox.com,646-669-624,3941 Nicholas Point Suite 195,Webbchester,United States,48032,Yes
611794-32826-RB,Donald Rodgers,morriszachary@gmail.com,941-937-987,737 Garcia Parks,Chandlerfurt,United Kingdom,63200,Yes
344307-16255-CB,Mark Pitts,nathaniel47@clark.info,689-152-784,025 Keith Run,East Darrell,United Kingdom,30599,Yes
563127-76950-CU,Nicole Howe,henryrebecca@hotmail.com,508-618-731,251 Ramirez Parkway,New Jacqueline,United States,85746,No
853816-80065-RB,Gwendolyn Evans,bradleyjoseph@lyons.com,650-976-551,2577 Dudley Run Suite 694,Maddenland,United Kingdom,84655,Yes
512148-28868-EO,Robert Barron,romeromelissa@torres.com,125-463-473,2218 Hutchinson Well Suite 890,Richardsport,United States,69658,No
362696-48248-OB,Walter Soto,fcastaneda@anderson.org,445-894-243,73360 Miller Way Suite 267,Lake Ericborough,United Kingdom,68104,Yes
994598-79138-NC,Daniel Terry,emosley@rodriguez.net,496-511-629,579 Brenda Glen,Samanthaburgh,Ireland,77534,No
665650-52900-UZ,Daniel Chandler,vasquezjames@chambers-brown.com,216-901-432,54763 Steven Row,Longhaven,United Kingdom,96254,No
845069-32350-UZ,Kendra Bishop,award@gmail.com,698-231-106,9354 Michael Camp Apt. 157,Lake Heatherborough,United Kingdom,21995,No
860376-64332-HI,Alicia Sandoval,colemandavid@hotmail.com,933-508-598,259 Smith Shores,Stephensmouth,United Kingdom,04893,Yes
373075-65351-DT,Ricardo Murray,omendez@ryan-mendez.com,374-689-418,2686 Perez Village,New Jon,United Kingdom,71369,No
697279-56450-ZC,Melissa Davidson,myerssherri@yahoo.com,802-849-435,89309 William Forge,West Lisa,Ireland,15058,No
366817-11276-QJ,Kathryn Powell,castillonatasha@watkins-evans.com,671-697-558,3401 Valencia Plaza,Michaelchester,United States,48945,No
115145-55023-BB,Justin Flores,christian01@garcia.org,970-875-952,60050 Walton Circle Suite 626,Jasonstad,Ireland,86606,Yes
451742-18049-RG,Richard Yates,qroberts@johnson.com,509-469-896,7353 Vaughn Circles,Yvonnemouth,United Kingdom,58425,Yes
677723-99459-DT,Joan Guzman,susanhanna@gmail.com,301-980-150,96857 Peterson Ridge,Reyesbury,Ireland,84871,No
570670-91018-QU,Christy Patterson,tdavis@snyder.org,273-742-451,784 Chambers Lane,South Marisaport,United Kingdom,87669,Yes
988944-42026-QO,Michael Wright,yjones@lopez.com,120-259-183,60745 Mark Meadows,West Tracy,Ireland,59961,Yes
728807-81642-ZC,Keith Drake,xcox@gmail.com,168-221-103,14178 Vincent Terrace Apt. 042,West Danielville,Ireland,71003,Yes
381256-89124-QJ,Lori Ross PhD,ryanmiller@hotmail.com,549-311-136,6430 Estes Wells,Port Daniel,Ireland,25734,Yes
632838-17869-BB,Stacey Dunlap,staceygonzalez@edwards.net,570-729-120,659 Brian Point Apt. 172,Jasonfurt,Ireland,35925,Yes
556059-64849-RG,Linda Douglas,johnsonnicole@harris.biz,673-812-816,98094 Sue Islands Apt. 275,Daniellestad,United Kingdom,39250,Yes
944051-38009-RG,Michael Thompson,churchjorge@yahoo.com,680-775-658,8554 Harris Walks,North Davidberg,United Kingdom,80974,No
823092-22049-CB,Mrs. Rachel Callahan MD,xdavis@carter-gregory.com,470-430-471,770 Riley Knoll,East Alexisview,Ireland,91446,Yes
903022-62185-CB,Brian Hamilton,bmiller@hotmail.com,792-721-510,2175 Jorge Walks Apt. 457,Jamesmouth,Ireland,79983,No
769901-32146-FR,Katherine Douglas,ricardo25@moore.net,896-994-522,62161 Daniels Parkway Suite 691,West Jonathanside,United Kingdom,16461,No
562948-80090-IQ,Renee Hodge,pbradley@coleman-johnson.com,802-128-653,69738 Hart Landing,Port Rhonda,Ireland,71911,No
315708-38523-ZC,Eric Bright,jamesdouglas@yahoo.com,103-542-500,678 Brittany Field Apt. 046,South Janet,Ireland,35023,Yes
199392-46455-BQ,Ariel Briggs,bstevenson@scott-harrison.com,254-373-241,419 Sanchez Tunnel,Taramouth,United Kingdom,19083,No
517884-98036-DT,Kelly Dickson,reidheather@yahoo.com,786-112-949,400 Carter Falls,New Benjaminfurt,Ireland,42107,No
682818-46461-OU,Theresa Stuart,deanjoshua@warren.com,202-838-113,69537 Kimberly Lights,South Jimmy,United Kingdom,59360,No
660635-73570-FR,Janet Thompson,lee19@gmail.com,133-136-941,44514 Jeff Expressway,Reedland,United Kingdom,77034,No
780638-15405-RG,Elizabeth Day,lauren79@yahoo.com,307-515-724,1451 Shelton Estate Suite 422,South Jason,Ireland,31437,No
134029-38372-QJ,Tammy Hernandez,morrowjeremiah@brown.com,617-536-150,0577 Campbell Branch Suite 042,South Kristina,United Kingdom,47210,No
526003-95490-UZ,Sandra Smith,walkerkevin@gmail.com,836-287-982,090 Julian Station Suite 899,East Linda,United States,02121,Yes
578508-61894-ZN,Frank Delgado,chambersricardo@yahoo.com,820-655-578,1821 Tanya Shoal,West Derekshire,United States,60929,No
255031-54930-QJ,Elizabeth Sanchez,pholloway@arias.biz,949-933-778,13820 Mcdaniel Path,Delgadoland,Ireland,76713,No
732779-91826-ZC,Jacqueline Randall,anthonycook@parker-mack.com,361-966-913,9186 Mckenzie Village,North Douglasfurt,Ireland,07881,Yes
457948-72489-PE,Emily Ellis,william89@holmes.com,423-788-908,593 Lane Via Suite 050,Port Robertborough,United Kingdom,51244,No
670993-31115-QU,Kristie Turner,valenciaashley@hotmail.com,803-683-529,71207 Jones Circle Suite 988,Karenfurt,Ireland,99176,Yes
298966-42836-ZC,Shane Johnson,willispreston@gmail.com,106-630-576,1660 Robert Creek,Vernonberg,United Kingdom,61637,Yes
823081-62695-BY,Kristi Garcia,nixonkara@burton.info,400-587-481,64490 Michael Drive Suite 023,Lake Jimmystad,United States,48619,No
149541-44243-QU,Karen Small,jjones@hotmail.com,706-831-837,09185 Crystal Rest,South Connorberg,United Kingdom,26508,No
344686-31248-FR,Mrs. Megan Guzman,smitheric@gmail.com,238-658-495,36058 Henderson Mountains,North Cathyfort,United Kingdom,42234,No
635754-27182-QU,Lisa Martinez,tjones@hotmail.com,418-338-974,142 Osborne Harbors Suite 961,Ericburgh,United Kingdom,57994,No
240138-12198-ST,Kyle Martinez,collinsgregory@hotmail.com,217-671-522,6506 Jennifer Villages Apt. 013,North Jessica,United Kingdom,18690,Yes
504995-73938-JQ,Denise Campbell,qrobinson@sosa.net,456-137-744,613 Pamela Crescent Suite 864,Lake Josephbury,United Kingdom,75821,No
144246-60462-OU,Jeremy Cain,thomascooper@yahoo.com,101-993-325,6957 Alexis Extensions Suite 192,East Ryan,Ireland,45790,Yes
167871-20444-HW,John Morgan,gcampbell@fernandez.info,867-819-309,3198 Andrews Expressway Suite 098,Matthewshire,United States,18645,No
290537-91875-RB,Tanya Alvarado,adamkline@gmail.com,316-723-638,859 Rachel Common,East Erik,Ireland,26830,Yes
844123-13949-BQ,Sarah Rice,amy40@hotmail.com,992-868-536,5267 Richard Lights Suite 788,Ballardburgh,United Kingdom,31384,Yes
660663-97579-OB,Miranda Olson,douglaslindsey@reynolds.com,374-413-425,5323 Farmer Spurs Apt. 664,Brentfort,United Kingdom,59688,No
895749-32206-DT,Nichole Chase,mary23@york.com,939-477-932,2007 Kelsey Tunnel,North Juliehaven,United Kingdom,49749,No
383041-75241-ZC,Stacey Massey,catherine02@gmail.com,387-401-755,67250 Samuel Alley,South Kevinbury,Ireland,47992,No
175637-31516-HI,Michael Lopez,uberger@hotmail.com,318-140-744,7429 Lane Ramp,Popeburgh,United Kingdom,23832,Yes
622549-77471-QJ,Tammy Miller,wisesteven@wells.net,797-859-785,029 Valenzuela Landing Suite 777,Lake Evan,United Kingdom,39225,No
557912-26600-BB,William Leon,kkim@parker-martinez.biz,382-836-392,946 Cindy Summit,Port Jamesview,Ireland,40849,Yes
725481-98141-FR,Stacy Palmer,walkeraustin@ramirez-huffman.com,825-189-521,07781 Calvin Meadows Apt. 614,Port Amandashire,Ireland,08385,Yes
826963-15787-RG,Alison Shea,laura96@parker.info,225-899-568,22271 Christian Circles Suite 436,Rosschester,Ireland,49467,Yes
821426-25499-NC,Courtney House,dlewis@blackwell.com,671-293-606,85159 Mary Brook Apt. 915,Lake Christopher,Ireland,05057,Yes
681787-14931-UA,Rebecca Austin,bcannon@hotmail.com,204-934-302,7369 Brown Well,Port Sarah,United States,92106,Yes
804254-29771-ZC,Kelly Wood,kevinlewis@skinner-moore.biz,706-306-865,574 David Bridge,Wandaport,Ireland,80333,Yes
680894-49019-QU,Patrick Brown,teresabrown@brady.com,279-182-796,6769 Porter Falls Apt. 608,Jeremyshire,United Kingdom,33629,Yes
900292-44647-QU,Kimberly Parsons,kbutler@smith.com,297-782-612,704 John Ridges,Port Michael,Ireland,49648,Yes
445178-12020-ST,Dean Gill,kwilliams@gomez-boyd.biz,710-236-435,3412 Wells Meadow Suite 382,Reyesfurt,Ireland,83202,Yes
654039-52200-IC,Alexis Horton,kimberly23@yahoo.com,667-556-559,49340 Ochoa Knoll Suite 515,Kathleenstad,United Kingdom,53227,No
164636-44429-OB,Keith Rojas,suzanne45@hotmail.com,368-890-562,612 Russell Ways Suite 681,Lake Toddview,United States,60351,No
217580-45906-BY,Alicia Armstrong,catherine39@gmail.com,882-131-840,81100 Vernon Cape Suite 203,Port Brookeside,Ireland,53872,No
737288-57413-CU,Tina Herman,mcculloughallison@jones-wilkins.biz,377-252-853,6252 Krystal Mission Suite 830,Lake Robert,United Kingdom,36146,Yes
475106-62649-UZ,Jeffery Snyder,karensmith@guerrero.net,284-910-427,822 Jacobs Roads,Davidborough,United States,60889,Yes
552597-81212-ZN,Thomas Wood,dawsonmelissa@yahoo.com,608-439-417,677 Michael Plain Apt. 306,Wilsonborough,United States,45506,Yes
725011-25142-IC,Mr. Antonio Wade,lambertstacy@hotmail.com,456-336-733,3174 Willie Plains,Thompsontown,United States,29397,Yes
420311-24346-RG,Christina Wiley,allisonbridges@hotmail.com,908-411-428,9648 Dudley Ford Apt. 136,New Sheri,Ireland,96096,No
891904-39935-PX,Arthur Russo,marissa63@hotmail.com,487-886-474,819 Morgan Square Suite 013,Annafort,Ireland,36824,No
128873-86821-PX,Sarah Gonzalez,andrewball@yahoo.com,774-590-109,522 Gibson Locks,New Ronaldshire,United Kingdom,77422,No
381767-44093-UZ,Chelsea Thompson,beanmelissa@yahoo.com,224-274-919,5559 Jennifer Crossroad Apt. 005,New Alejandro,United States,00897,Yes
241155-19879-PE,Stephanie Cole,nicholashall@scott.com,423-951-963,032 Duncan Bridge,Rodneyfort,Ireland,39407,No
923527-70775-BY,Melissa Smith,juarezkenneth@gmail.com,233-544-193,82987 Hughes Neck,Port Ethan,United States,79417,Yes
148523-92032-CB,Jonathan Andrade,owong@hotmail.com,248-568-889,2309 Michael Glen,Kimberlyside,Ireland,83630,No
726117-30589-CU,Kyle Mcintyre,johnsonrhonda@hotmail.com,589-730-680,1609 Ryan Road,Jacksonhaven,Ireland,51158,No
107660-22653-BB,Anthony Middleton,shudson@santiago.biz,674-270-703,65516 Robinson Hollow Apt. 906,Lake Andrew,Ireland,70253,No
785398-13026-PX,James Ferguson,kwood@wilson-adams.com,310-746-339,8253 Daniel Gardens,Michaelberg,United Kingdom,01030,Yes
158690-55519-CU,Larry Taylor,dlewis@vasquez-wagner.info,570-125-310,151 Hansen Wells Suite 957,Xavierbury,Ireland,28875,Yes
928928-89854-OM,John Murray,xjackson@mason-bolton.com,745-782-999,028 Peter Knoll Apt. 349,Butlerhaven,Ireland,57492,Yes
115328-36339-DT,Thomas Brown,elliottgregory@lee.com,235-210-967,12769 Ayala Rapids Suite 550,Jonland,United Kingdom,31946,No
463672-28891-ZC,Brittany Taylor,dunnshelly@gmail.com,734-485-395,6932 Trevor Manor,New Kevintown,United States,10192,No
888782-75399-FR,Erik Alexander,chelseahancock@yahoo.com,723-428-232,324 Carol Bridge,Lake Jamesmouth,United Kingdom,93926,Yes
183314-71278-QO,Justin Jordan,pattersonbrenda@york.com,910-118-820,90511 Andrew Skyway,East Stephanieborough,United Kingdom,70692,No
268171-46463-UA,Angela Davis,tammy32@rogers.biz,201-588-869,333 Owens Locks,Jeremyborough,Ireland,88499,Yes
586527-37539-QJ,Lori Hendrix,bakermorgan@white.com,760-203-864,28031 Edwin Locks Suite 369,Lowestad,Ireland,29960,Yes
807259-35128-HI,Tasha Vincent,kristen64@garcia-williams.info,486-523-262,5574 Kaitlyn Plains,South Justin,United Kingdom,38410,No
889729-64111-OB,Gabrielle Garcia,russellbrenda@morris.com,846-134-456,395 Cook Junctions Suite 251,Port James,United Kingdom,26850,Yes
308217-80935-QO,Peggy Macdonald,mhartman@herman-cuevas.com,836-478-841,80584 Lara Field Apt. 031,Taylortown,United Kingdom,56359,Yes
253135-60168-ZN,Erica Solis,alisonlawrence@hotmail.com,939-296-171,4762 Fox Mount,Millerside,Ireland,24399,Yes
341415-84745-UZ,Darren Mahoney,qnelson@snyder-lee.com,893-432-281,59667 Gray Meadow,Samanthashire,United States,70613,Yes
929093-47265-QJ,Duane Ward,tyoung@gmail.com,308-315-740,17889 Taylor Ramp Suite 009,Michelleland,United Kingdom,87376,No
239275-31890-NC,Ashley Parker,mcculloughvanessa@webb-butler.com,329-162-769,699 Robert Manors Suite 922,North Bethfurt,United States,48360,Yes
907624-69898-HI,Brandon Solomon,ruizjeremy@gmail.com,292-230-537,684 Samantha Radial,South Alejandro,United States,80284,Yes
846512-47525-PE,Maria Allen,donovanjeremy@wolfe.com,927-969-333,0161 Alexis Rapid,Port Cynthiafort,Ireland,56583,Yes
324165-82726-UV,William Jackson,vmartin@savage.com,319-639-848,07083 Madison Rapids,East Davidborough,United States,57869,No
660082-70499-OM,Michele Moon,andersondana@buckley-french.com,522-536-716,0356 Martin Green Apt. 041,Matthewside,United Kingdom,91293,Yes
709128-10649-DT,Angela Wallace,emily16@gmail.com,967-841-837,304 Melissa Falls,South Miranda,Ireland,34601,No
601357-62156-IQ,Kevin Freeman,jacksonkari@hotmail.com,906-888-906,334 Mason Shoals Apt. 958,Patriciafurt,United States,25604,Yes
648490-28005-UZ,Claudia Schultz,sarah58@patel.org,289-776-243,4708 Lewis Stravenue Apt. 984,North Douglasmouth,United Kingdom,84782,Yes
385338-40027-RB,David Gonzales,hcameron@hotmail.com,711-827-698,84227 Kyle River Suite 613,Sarahshire,Ireland,36106,Yes
829708-49048-OU,Jessica Williams,robert14@yahoo.com,799-321-185,59791 Ashley Rue,New Rebekah,United States,66474,No
760706-54718-CB,Douglas Patterson,mterrell@dunn.com,158-466-542,21057 Cabrera Vista,East Danielle,United States,25041,No
332825-42865-OB,Mary Garcia MD,tammy02@rivas.info,853-641-671,43569 Miller Plaza Suite 419,Kevinshire,Ireland,32109,No
823399-35022-ST,Nancy Wong,rzamora@gmail.com,146-654-858,97340 Day Route Apt. 870,East Granttown,Ireland,89125,Yes
743219-14186-UV,Kim Reynolds,dsullivan@wood.com,488-250-598,513 Smith Walks,Crystalmouth,Ireland,09015,No
655784-26609-CB,Jeffrey Peters,rmurphy@miller-harper.com,542-748-753,12365 Tina Dam Apt. 570,Calvintown,Ireland,94308,Yes
332469-37136-IQ,Charles Villegas,omaresparza@bowman-hawkins.com,274-617-897,800 Daniel Light Suite 234,North Denisetown,United Kingdom,82413,No
625071-35695-RB,Marco Johnson,scottruiz@gmail.com,853-995-553,4806 Reid Dam,West Brian,United Kingdom,60292,Yes
133850-90760-NC,Robert Smith,gonzalezjohn@gmail.com,179-596-567,79314 Angela Flat Apt. 485,Richardville,United Kingdom,87615,No
935097-47191-JQ,Megan Robinson,eacevedo@yahoo.com,442-237-274,061 Chambers Alley Apt. 945,Travisfort,Ireland,55188,Yes
997292-12282-EO,Toni Lewis,steve18@thompson.net,923-164-581,123 Adkins Plains,South Lindseyshire,Ireland,76486,Yes
325389-68611-PE,Zachary Howard,rodriguezdenise@gmail.com,866-646-581,99670 Terry Meadows Suite 894,Colleenmouth,United Kingdom,18317,Yes
587413-32541-OM,Scott Fernandez,tyleramy@yahoo.com,962-928-624,560 Peggy Skyway Apt. 465,New Alexander,Ireland,33461,No
712709-31066-ST,Andrew Nunez,adamriley@martinez-campbell.org,437-953-524,8279 Moran Meadow Suite 896,Perrychester,United States,47347,No
193952-78892-OU,Kyle Cooley,nancyfranklin@young.com,266-118-984,66230 Smith Meadows Apt. 100,West Brucechester,United States,29838,Yes
102415-31715-QO,Christopher Smith,montgomerychristina@rivera.com,440-793-176,454 Walter Isle Apt. 417,Tinafurt,Ireland,46181,No
870643-97545-UV,Carlos Peterson,smithrobin@fox.com,178-369-477,4262 Wolf Pine Apt. 495,Calhounbury,Ireland,86854,Yes
137860-77741-QJ,Anthony Smith,karenhoffman@walker-buck.com,487-622-249,87596 Jonathan Cliff,Terryland,United Kingdom,42806,Yes
950569-99144-QU,Sandra Schwartz,martinezrichard@gmail.com,944-696-659,040 Carlson Overpass,Lake Paulside,Ireland,61536,Yes
803809-40239-CU,Mike Lambert,qellis@peterson-quinn.info,360-427-487,87702 Danielle Circle Suite 615,South Markborough,United Kingdom,94767,Yes
762580-34480-OB,Elizabeth Owens,david54@yahoo.com,999-923-771,41086 Goodman Shores Suite 649,North Michelleville,United Kingdom,15941,Yes
621140-58592-QO,James Casey,lbrown@richards.org,132-758-485,087 Anthony Locks Apt. 239,Michelleburgh,United Kingdom,41090,Yes
853832-73968-BY,Patrick Brown,urogers@hotmail.com,544-413-664,5547 Chambers Walks Apt. 432,Port Dennis,United Kingdom,72878,Yes
997048-37617-NC,Samantha Orr MD,joshuajames@gmail.com,177-781-781,209 Mckay Brooks,Audreytown,Ireland,39597,Yes
617851-84693-UV,John Pratt,manderson@gonzalez.com,645-976-422,139 Marcus Islands,West Joy,United Kingdom,63249,Yes
615819-32130-HW,Michael Willis,yperkins@blake.biz,640-956-698,46445 Andre Ways,West Thomas,United Kingdom,08364,Yes
813743-57801-HW,Brittany Roberson,conleykaitlyn@gentry-smith.com,614-816-297,50559 Bruce Locks,Longstad,United Kingdom,80078,Yes
327106-83146-UV,Adrienne Green,oflynn@yahoo.com,464-680-220,01828 White Crest,Simmonsport,Ireland,58100,Yes
543272-19740-HW,Jennifer Norman,zparrish@gmail.com,616-556-484,57370 Nathan Crossing,Stacyfort,Ireland,14175,No
573974-77673-OM,Michelle Marshall,randymiller@yahoo.com,538-263-129,0227 Anthony Mountain,Port Jessestad,Ireland,32221,No
679069-64185-QU,Stephen Price,mark93@gmail.com,817-117-750,6399 Cox Glens,Lake Blake,Ireland,33017,No
634702-26671-QJ,Julie Nguyen,tinawilliams@gmail.com,420-193-345,998 Nicole Corners Apt. 079,South Anne,Ireland,81343,Yes
696556-96291-QJ,Steven Smith,tricia91@hotmail.com,271-592-254,7352 Michelle Streets Suite 744,Port Christopher,Ireland,70374,No
609485-20101-CB,Christian Alexander,wrobertson@hotmail.com,221-655-132,3884 Chambers Freeway Suite 014,West James,United Kingdom,62579,No
823026-88978-QU,Marc Brooks,sara63@yahoo.com,483-387-547,8848 Guy Hill,Shahmouth,Ireland,22758,Yes
188995-26144-UZ,Ian Hughes,pamelalewis@gmail.com,563-847-137,020 Johnson Fork,Lake Jerry,Ireland,63440,Yes
817617-37170-ZC,Catherine Johnson,otran@rivera-santiago.biz,385-298-857,86689 Jennifer Dam Apt. 259,North Mark,Ireland,80369,Yes
770785-65595-ZC,Jason Gregory,dennis22@simmons-vazquez.info,541-742-506,7524 Diana Place Apt. 861,Hughesbury,United States,50533,No
542510-60482-UZ,Shawn Larson,oruiz@clark.com,607-552-948,8109 Brandi Station Apt. 857,South Dylan,Ireland,76045,Yes
456239-75706-RB,Alexander James,andrea40@gmail.com,910-817-101,607 Richard Plains Suite 611,South Nicholasburgh,United Kingdom,65228,No
440047-46964-CU,Karen Mata,ppratt@petersen.com,935-727-985,061 Christopher Harbors,Lake Stevenfort,United Kingdom,47336,No
434745-36083-QO,Tammy Graham,ocoleman@king.com,657-313-618,935 Glover Radial Suite 030,Carolyntown,United States,75445,No
386022-34641-OB,Leslie Anderson,jgarner@simpson-contreras.org,696-110-208,42503 Cooper Junction Apt. 191,West Sandra,United Kingdom,19813,Yes
833302-97342-UA,Michael Luna,samantha43@gmail.com,956-264-816,0955 Howard Parks,Georgeberg,Ireland,60596,No
812888-85331-ST,Rick Cook,diazshannon@wolf.biz,984-322-187,33685 Neal Junctions Apt. 332,Lake Philip,United Kingdom,32840,No
671830-30107-BB,John Kelley,astewart@strong.com,764-761-230,9047 Ryan Avenue,Angieton,United Kingdom,46398,No
608999-21449-BY,Tracie Olson MD,anthonydaniels@gmail.com,553-348-872,1730 Michele Common,Port Michelleborough,Ireland,17457,Yes
422780-80969-PX,Jamie Schroeder,pwebb@gmail.com,516-989-186,587 Jesse Radial Suite 032,North Matthew,United Kingdom,18963,No
474097-74388-UZ,Guy Miles,elizabeth57@yahoo.com,896-986-538,8890 James Corners Apt. 977,North Raven,United Kingdom,89286,No
718838-33881-UV,Charles Torres,stravis@hotmail.com,350-655-631,149 Campbell Ports Apt. 743,Scottfurt,Ireland,52806,Yes
622098-58358-FR,Alexis Dean,tcook@perry-douglas.org,860-138-325,61996 Christine Dam,South Robin,Ireland,23223,Yes
178129-67446-IC,Kevin Wilson,tarnold@kelly.com,149-629-624,1768 Bennett Ville Suite 639,Port Ericaburgh,United States,37328,No
217086-25874-PE,Lindsey Phillips,robert23@gmail.com,113-729-879,93610 Amy Shoal Suite 826,New Jose,United States,78394,No
486057-38222-OU,Daniel White,jennifer13@gmail.com,858-315-593,918 Kevin Rest Apt. 850,West Laurentown,Ireland,69423,Yes
466819-89912-OB,Justin Harding,lisa69@yahoo.com,234-756-197,0712 Luis Corner Apt. 179,Aprilmouth,Ireland,44892,Yes
143467-27143-ZN,Carla Smith,vflynn@allen.com,850-893-769,1300 Rebecca Lodge Apt. 808,Freemanside,Ireland,45012,Yes
443573-14228-OB,Rhonda Swanson,reedjoseph@perry-brown.org,520-626-733,3122 Davis Crescent Apt. 322,West Elizabethburgh,Ireland,14052,No
251702-94203-OB,Pamela George,curtis77@richards.com,135-781-312,565 Lynn Gateway Apt. 164,New Angela,United States,72807,No
902810-66918-PX,Rebecca Sosa,dennisdorsey@yahoo.com,558-246-790,0623 Hicks Lodge,Bakerville,United States,08668,No
596003-11217-HW,Caitlin Lucero,dominic07@yahoo.com,225-587-851,4314 Peterson Estates,Mariahside,United States,43420,No
503249-47127-OM,Erica Roach,thomas80@edwards-golden.org,455-940-652,00124 William Via,Rodriguezchester,United Kingdom,64072,Yes
676547-29809-HI,Tim Dixon,ulowe@brown.info,100-428-527,05439 Brittany Cove Apt. 926,New Francesborough,Ireland,93875,No
933917-41962-ZC,Christopher Adams,watsonjacob@stewart-snyder.biz,975-420-670,804 Bailey Harbor Suite 745,Kristinchester,United States,89788,No
167706-37894-NC,Nicholas Snyder,katherinerodriguez@yahoo.com,761-855-500,3729 Fisher Lane,Danielberg,Ireland,99205,No
953211-38883-BY,Dorothy Hall,larnold@gmail.com,543-121-997,034 Michael Crescent Suite 162,Davidberg,Ireland,26510,Yes
627072-93542-UA,Michelle Murphy,adammccall@gmail.com,805-188-975,83070 Fisher Unions Suite 597,Tonyshire,Ireland,10387,Yes
825174-72414-JQ,Jamie Young,linda11@christian-mclaughlin.org,916-932-201,658 Samuel Streets,Lake Shelly,United Kingdom,21944,Yes
706733-30118-QU,Daniel Coleman,feliciacarr@christensen-reynolds.info,257-410-628,6531 Ryan Corners,Dianabury,United States,36335,No
905351-51149-UV,Antonio Dominguez,stephennorton@ward.net,903-710-539,25191 Palmer Coves,Lewisfort,United States,10441,Yes
504198-14054-JQ,Amanda Jones,reneediaz@lopez-castillo.biz,591-703-426,0834 Vazquez Squares,South Nathan,Ireland,52496,No
174326-42759-FR,David Mcguire,twilson@green.com,146-922-643,4490 Kimberly Junction,North Rachelville,Ireland,13781,No
772552-25657-ZC,Austin Martinez,gwendolynparker@gmail.com,921-540-727,6044 Colon Oval Apt. 644,Burgesstown,United Kingdom,80483,Yes
287829-22898-UV,Hayden Ramos,jeffery33@knight.info,236-531-893,784 Davis Island,Lake Geoffrey,United States,54267,No
761185-83560-OM,Rachel Beltran,ryanpage@yahoo.com,317-121-461,052 Espinoza Street,Port Blakeshire,United States,48665,Yes
397600-39175-OM,Carolyn Torres,illoyd@gmail.com,185-185-780,01363 Strickland Cove,South Markberg,Ireland,92934,Yes
623180-80763-BB,Kyle Davis,jhill@rivera-klein.org,791-195-399,12173 Carter Rue Suite 433,South Sheenaville,Ireland,81935,No
936282-25554-OU,Kelly Carroll,osawyer@yahoo.com,929-119-658,468 Farmer Alley Apt. 695,Hayesport,Ireland,45323,Yes
864997-28972-JQ,Krista Winters,arellanonicole@delacruz-rodriguez.net,105-852-668,43703 Jeffrey Circles,Farleyhaven,United States,18273,Yes
229359-25328-RB,Lee Mccoy,cathythompson@gmail.com,816-886-392,75500 Marsh Prairie Apt. 603,East Pamelachester,United Kingdom,93620,No
892381-11745-DT,Diana Harrison,cjenkins@hotmail.com,689-211-849,162 Andre Heights,Warrenborough,United States,28901,No
666258-21189-EO,William Bruce,paul38@gmail.com,967-466-920,842 Ronald Trafficway Apt. 562,Richardsberg,United States,46352,Yes
569654-69627-OB,Adam Jones,dswanson@gmail.com,163-504-715,603 Garcia Ranch Suite 006,East James,United States,21189,No
350917-53430-QO,Elizabeth Rodriguez DDS,ehoward@yahoo.com,121-208-935,56102 Carla Islands Suite 593,New Jessefort,United States,73063,No
233230-57349-OB,Alexis James,christineortiz@gmail.com,325-687-496,0870 Rodney Pines,Manuelport,Ireland,47681,Yes
814291-47762-QO,Emily Moody,enorris@gmail.com,405-634-132,0717 Long Lane,Lake Joanna,Ireland,60312,No
871691-96627-RG,David Martinez,stephanie63@webb.net,788-202-814,9735 Raymond Ways,Lake Jordan,Ireland,15092,Yes
617062-72725-UA,Matthew Cox,meghan13@padilla.com,691-135-486,791 Johnson Loaf Suite 851,East Amy,Ireland,66727,Yes
885878-14155-HI,Mr. Mark Roberts,karen62@yahoo.com,220-838-898,513 Malone Manor Apt. 515,Janettown,Ireland,19239,No
886540-93774-UA,Thomas Lee,ypeterson@gmail.com,882-203-209,1023 Luna Mall,Emilytown,United States,44415,Yes
174112-45858-UZ,Pamela White,kristen14@gmail.com,962-557-776,41055 Jackson Extension Suite 824,Port Justinchester,United Kingdom,35324,Yes
413756-88123-QO,Johnathan Webster,hpatel@hotmail.com,708-604-793,1615 Cruz Meadow Suite 867,Harrisburgh,Ireland,33420,Yes
405779-73984-BB,Ashley Simpson,bushjohn@lloyd.net,149-606-651,410 Tammy Trail,Lake Ronald,United Kingdom,14047,No
606452-50706-DT,Michael Rogers,yeseniapowell@massey.net,953-671-708,446 Little Crest Suite 677,South Joel,United States,35837,Yes
755512-33946-HI,Amanda Williams,alexanderlopez@yahoo.com,265-412-252,589 Hartman Ridges Apt. 603,East Rachel,Ireland,56971,No
634628-90960-QJ,Philip Williams,hoganjacob@bautista.com,236-864-384,277 Shawn Circles,Williamfurt,United States,11574,Yes
730179-33345-BB,Tina Knight,walkerwilliam@hotmail.com,423-793-550,18347 Harris Keys,West Christinamouth,United Kingdom,23482,No
649015-69674-UA,John Rivas,xbaker@yahoo.com,612-785-748,6228 Brittany Falls,Mooretown,United States,57801,No
842508-46870-BB,Mr. Brandon Mathews,zyoung@kirk.com,357-857-865,07596 Patrick Point Apt. 334,Roberttown,United Kingdom,53519,No
257670-65537-RG,Duane Cowan,foxlance@stewart-ortiz.biz,449-237-496,10866 Christopher Course,Meganville,United States,84276,No
164306-40463-ZC,Bryan Cross,edward12@reid-carter.info,685-221-103,9267 Billy Heights,Nicholasville,United Kingdom,83271,No
910581-67217-JQ,Kevin Sims,walkersara@hotmail.com,787-704-811,644 Reyes Path,Heatherport,United Kingdom,16214,Yes
171430-55397-FR,Tyler Harper,kingpaula@long.com,905-371-499,45928 Erika Freeway,Janetchester,United States,91835,Yes
914373-65409-OM,Marc Cruz,davidbrown@hotmail.com,775-396-587,1679 Lamb Cliff Suite 287,New Rebeccastad,Ireland,29748,No
667852-93437-QJ,Amy Kennedy,twright@williams.com,697-788-797,926 Amy Circle Suite 970,Margaretmouth,United Kingdom,68808,No
225963-50611-DT,Heather Hines,jennifer00@gray-davila.org,300-432-332,183 Jordan Island,Lake Scott,United States,89228,No
701333-34678-QU,Tracy Sandoval,larry90@burnett.com,941-965-884,15620 Matthew Plains Suite 382,Lake Jennifermouth,United Kingdom,89041,No
678441-95224-ZC,Michael Carr,joshua77@gmail.com,393-882-952,733 Briggs Path,Jamesport,Ireland,23665,Yes
556065-24575-DT,Alyssa White,brownjavier@chen.info,835-783-702,192 Knight Drives,Nancyburgh,United Kingdom,25894,Yes
595765-87939-BY,Carmen Brown,garrettconnie@hotmail.com,948-565-777,462 Robinson Plain,New Aaronview,United Kingdom,61323,No
952460-81071-UA,Brian Diaz,robertwilliams@roberts-wagner.com,178-794-974,8744 Eric Fork,West Richard,United States,99703,Yes
357093-46664-OB,Brenda Smith,josephyoung@lamb.info,351-867-526,6487 Jones Drive Suite 330,West Lisa,Ireland,07798,Yes
841672-76432-PE,Janice Moore,michaelgibson@novak-roy.com,152-467-268,4600 Ethan Hollow Apt. 007,West Peter,United States,49931,Yes
816764-66497-IQ,Brooke David,rebecca68@nicholson-ochoa.org,387-206-349,60547 Webb Corners Suite 575,Susanton,Ireland,19822,No
652400-98691-RB,Ryan Rose,tiffanywillis@yahoo.com,872-155-456,61205 Christopher Centers,Lake Jameschester,United Kingdom,50769,Yes
537339-60907-ZN,Michelle Wise,mitchellanne@yahoo.com,583-897-940,1328 Mann Ville,Woodfort,United States,78229,Yes
286029-87272-BB,Steven Henry,oanderson@romero-lambert.com,377-794-117,35465 Thomas Dale Apt. 099,Codyfort,United Kingdom,83434,Yes
440202-48926-IQ,Timothy Taylor,cookjulian@yahoo.com,982-276-611,7577 Karen Neck,Rachelhaven,Ireland,53267,Yes
688014-98465-IQ,Anna Wade,barbaralivingston@hotmail.com,112-283-354,702 Lucero Union,Mooreport,United Kingdom,94829,No
590217-35091-OM,Sarah Reyes,joseph36@pierce.com,664-460-623,87817 Rachel Cove Suite 140,New Ashleyton,United Kingdom,73612,No
220617-44648-HI,Mr. Brandon Walters,fostertaylor@moon.com,378-250-557,66017 Joseph Harbors Apt. 179,Lake William,Ireland,88351,Yes
395419-64347-HW,Amanda Shaw,gnichols@gmail.com,395-962-736,8455 Estes Plains Suite 327,South Ann,United Kingdom,71561,Yes
778948-56399-FR,Barbara Williams,farmermarc@hotmail.com,584-371-740,173 Gallegos Road,North Melissa,Ireland,91244,No
388267-35454-UA,Vincent Harper,brianna55@robertson.com,393-178-883,43719 Flores Hollow Apt. 918,Cynthiaberg,Ireland,49015,No
538154-96983-ST,Billy Caldwell,fgregory@bailey-thomas.com,279-193-124,9024 Tammy Route Apt. 917,Lake Joshuaside,United Kingdom,74566,Yes
127285-70987-BQ,Lisa Mills,martingeorge@hammond.org,449-784-456,48334 Stephanie Radial Apt. 760,New Kathryn,United States,04527,No
669781-64233-QO,Maria Scott,lallen@sullivan-bennett.com,948-775-843,69288 Lang Mill Apt. 985,North Dakotaview,United Kingdom,19474,Yes
607647-79004-ZN,Paul Miller,amurphy@gmail.com,168-693-961,35492 Traci Well Apt. 491,Richardmouth,Ireland,86975,Yes
136726-24779-DT,Adam Chen,fernandezaaron@hotmail.com,630-866-918,03572 Shelton Loop Suite 694,North Stephaniefurt,Ireland,24214,Yes
225080-21370-BY,Kenneth Matthews,xbrown@wilson-gray.org,120-169-489,03247 Thomas Cape,Lake Erikchester,United States,42757,Yes
709290-14997-FR,Alyssa Ball,morrisonelizabeth@boyle.com,681-892-803,345 Smith Estate Suite 141,South James,United Kingdom,34906,Yes
968219-19154-BY,Daniel Stevens,erindickerson@vazquez.info,581-411-384,132 Matthew Turnpike,West Bradley,Ireland,64621,No
993795-84888-ST,Stephanie Vance,riverahenry@harvey-fischer.com,199-483-419,4820 Lyons Shores,Pattersonfurt,United Kingdom,96036,No
815079-67786-IQ,Christina Roberts,colleen91@hotmail.com,535-719-710,786 Stephens Squares Suite 496,Howardchester,United States,44200,No
462737-68369-ZN,John May,ahunt@robinson-tyler.info,126-695-180,423 Phillips Pike Suite 299,New Maryhaven,Ireland,70298,No
408410-45029-HW,Gary Russell,andrewmorris@yahoo.com,968-307-249,62619 Jesse Forks Suite 378,Leonardfurt,United Kingdom,15716,Yes
230853-62826-UA,Walter Spencer,lpacheco@gmail.com,228-169-845,6630 Taylor Unions,Singhstad,Ireland,44133,No
415331-47860-UV,Joseph King,murraylinda@gmail.com,940-247-794,8540 Jones Parkways Suite 914,North Jamie,Ireland,68325,No
775707-25429-QU,Julie Thomas,mhernandez@parker.biz,122-162-780,35330 Golden Parkways,Comptonshire,United States,51428,No
294332-84148-QU,Alyssa Johnson,ncook@hotmail.com,895-125-791,99879 Hess Mountains Apt. 320,Port Jasonchester,United Kingdom,86066,Yes
457108-88509-HI,Brent Lewis,nicole99@walsh.com,469-242-782,835 Burch Haven,Joannaside,Ireland,71728,No
838261-48853-QU,James White,andersonvalerie@gmail.com,418-554-617,065 Moore Prairie Apt. 835,Jonathanton,Ireland,56471,No
445685-94596-CB,Connie Rodriguez,cdavis@morris-johnson.com,225-281-809,6752 Megan Pines Suite 107,Saramouth,Ireland,14514,Yes
435231-60644-JQ,Jodi Herrera,cheyennemontgomery@taylor-herrera.info,997-912-382,117 Leon Trail,Conleyville,United States,68550,Yes
866065-45622-PE,Philip Dalton,leonbrooks@hotmail.com,278-403-911,3889 Shaun Extensions Apt. 226,Claytonton,United States,27979,Yes
699463-47791-BQ,Rachel Andrews DDS,nunezdaniel@wood-tran.biz,644-796-474,428 Rebecca Villages,Shannonmouth,United Kingdom,07917,Yes
428227-51868-RG,Kathleen Sanchez,montoyamadeline@martin.com,450-169-512,8165 Deborah Summit,Manuelville,Ireland,52176,No
114773-43653-EO,Catherine Gardner,alejandra86@yahoo.com,469-503-151,95994 Mary Overpass Apt. 498,North Tyler,Ireland,24380,No
845473-75857-EO,Anthony Turner,sskinner@meyer.net,224-392-400,729 David Neck Suite 402,South Christophermouth,United States,70690,Yes
565959-22582-QU,David Brown DVM,melissa94@flores.com,644-388-274,565 Michael Harbor Suite 002,South Adam,United Kingdom,02020,No
605611-92552-OU,Jason Lee DVM,ubauer@horne.com,207-214-971,069 Martinez Cliff,Jamesborough,Ireland,94958,Yes
331244-84622-EO,Alex Lane,catherine77@wu-preston.org,622-527-687,53777 Bryan Track Apt. 611,North Stephenmouth,Ireland,05368,Yes
102294-63388-HW,Elizabeth Aguirre,riosrichard@webb.com,799-911-763,402 Rhonda Motorway Suite 994,Acostaview,Ireland,82482,Yes
679000-73129-PX,Shane Baker,jasonhorton@gmail.com,477-355-667,9174 Smith Corners,Williamsfort,United Kingdom,76472,Yes
620000-42003-EO,Christopher Lawrence,kimsmith@yahoo.com,627-357-264,9368 Myers Knolls,Staceyhaven,United Kingdom,63958,Yes
123213-82896-UV,Scott Mendez,ryanrobinson@hotmail.com,791-165-528,691 Stout Course Suite 075,Michaelland,United Kingdom,67337,No
733956-74701-HI,Elijah King,ljennings@hotmail.com,773-702-908,3279 Estrada Falls Suite 018,North Dawn,Ireland,41258,No
679930-33196-PX,Bridget Wagner,johnthomas@douglas.org,806-776-397,98593 Mckenzie Island,Jacobsfurt,Ireland,03895,Yes
445988-28129-BY,Ricardo Moore,martha14@yahoo.com,244-923-307,6516 Warren Knoll,Jasonville,United States,56927,No
313814-46033-ZN,Scott Barnes,markmoore@gmail.com,221-234-552,96946 Smith Station Apt. 488,Patrickton,United States,59299,Yes
250375-32646-RG,Donna Hughes,jasonevans@webb-francis.net,511-194-503,8819 Johnathan Points,New Leahberg,United Kingdom,45860,Yes
554114-90159-HW,Jacqueline Byrd,emccormick@hotmail.com,358-538-221,71945 Francis Glens Suite 058,Clarkberg,Ireland,62979,Yes
614331-61725-NC,Patrick Daniels,brownjames@marks-curry.com,261-888-802,7796 Martin Plains,Ronnieton,United States,41785,No
594314-65519-IQ,Richard Martin,ypatterson@moody.com,282-810-477,87192 Hoover Knoll,Fischerchester,United States,54965,Yes
921348-39311-UZ,Sergio Ryan,michelle58@hotmail.com,472-672-148,91154 Thompson Extension Suite 660,Moranland,United Kingdom,61375,No
127964-76239-DT,Wesley Burns,johnsonnicole@bush.com,484-855-491,952 Sharon Expressway Apt. 410,Lake Robertshire,United Kingdom,34022,No
939832-57486-UV,Laura Patton,kirkwilliams@yahoo.com,381-722-535,0561 Barnes Flat,Staffordberg,Ireland,88568,Yes
961945-16213-QU,Seth Duke,grojas@gmail.com,553-439-799,3151 James Ways Apt. 707,Davishaven,United Kingdom,65437,Yes
318964-87958-FR,Jeffrey Sanders,jenniferhernandez@perkins-thompson.com,136-814-559,4588 Pope Crescent Suite 904,Lake Williamside,United States,35608,No
308935-90328-OB,Christopher Nelson,lawsonstephanie@gmail.com,879-149-515,17358 Sanchez Parkway Suite 178,Baileyview,Ireland,45546,Yes
844274-94626-EO,Diana Nelson,erin73@hotmail.com,421-810-215,788 Jasmine Burgs Suite 352,New Davidland,Ireland,04747,Yes
664351-52956-UA,Jill Munoz,william17@long.info,602-123-772,9517 Cruz Loaf,Sandramouth,United Kingdom,21930,No
226811-95051-IQ,Raymond White,richard43@gonzalez-anderson.org,168-770-545,2942 Nathan Harbors,Cynthiahaven,United States,39175,Yes
245687-95018-UZ,Samuel Schultz,john31@hotmail.com,903-525-346,1927 Ashley Plains Apt. 072,Alantown,United States,23547,No
676447-93025-OB,Justin Parsons,darrenmorales@barry.com,850-782-238,70991 Gutierrez Walks,Morganfurt,United States,25202,No
335609-94607-UA,Keith Cook,margaret76@johnson.biz,452-334-470,7429 Brian Gardens Suite 752,Lake Paula,United States,66713,No
938129-30103-ST,Dr. Stacy Wallace DDS,mark41@ford.com,649-465-378,854 Douglas Knoll Suite 161,North Sharimouth,United States,92513,Yes
166295-91592-UZ,Shannon Guerrero,ofoster@gmail.com,298-648-137,283 Mendoza Mews Apt. 511,Port Alexander,United Kingdom,45475,No
638651-86782-BB,Mary Garrison,nortonbilly@gmail.com,184-675-960,357 Mccormick Lodge,Annberg,Ireland,37411,No
404335-59314-UA,Kristy Haas,khall@hamilton.com,380-692-487,99662 Jessica Underpass,Randallfurt,United Kingdom,13585,Yes
631400-18025-NC,Jacob Watkins,schwartzroger@vargas.net,815-212-707,4148 Wiggins Creek,Danielland,Ireland,71128,No
576475-75784-BY,Kelly Wolfe,butlertricia@yahoo.com,297-561-179,78662 Michael Rue Apt. 054,North Michaelland,United Kingdom,46497,No
715415-22158-BY,Juan Jackson,cindy11@hotmail.com,399-837-974,4080 Larson Turnpike,North Eric,United States,55084,Yes
599542-38005-CU,Juan Elliott,lorraine95@yahoo.com,848-910-839,17255 Garrett Hills,New Rebeccabury,United States,48876,No
896027-13501-OM,Todd Morgan,joshuafowler@yahoo.com,395-426-929,1142 Paula View,Smithhaven,Ireland,42282,Yes
738660-69587-OM,Debra Gibson,jenniferharris@macias-harrison.org,116-759-185,8999 King Curve,Reedton,United Kingdom,41596,No
635684-13554-BB,Rhonda Johnson,michaelwest@hotmail.com,180-922-849,01696 Wendy Ridges,Port Anita,United Kingdom,44529,No
400916-54033-IC,Peter Figueroa,deniseturner@carlson.com,594-692-402,902 Natasha Underpass Apt. 700,Hallbury,Ireland,45224,Yes
598181-53146-FR,Regina Smith,kennethdaniels@yahoo.com,736-213-414,2566 Chen Forge,Chenfort,United Kingdom,20752,No
995379-51338-QO,Michelle Schroeder,diazbryan@yahoo.com,176-668-298,183 Davis Mission Apt. 537,Frankbury,United States,57411,No
382679-21876-IC,Daniel Lucas,todd88@middleton.net,536-758-669,33414 Daniel Ports,Zimmermanland,United Kingdom,14973,No
656353-59141-CB,Jasmine Garrett,lacey50@hotmail.com,683-858-261,55990 Horton Motorway,Lopezshire,United States,60734,Yes
982411-73833-ST,Anna Byrd,hawkinssarah@gmail.com,409-463-891,2101 Katherine Springs,East Teresaland,United Kingdom,64755,No
626527-31050-BQ,Helen Page,trevinomegan@gmail.com,188-221-205,5752 Phillips Mountain Suite 992,Port Billyfurt,United Kingdom,19932,No
368800-43006-JQ,Dr. Clifford Palmer,colleentucker@gmail.com,843-475-134,4631 Monica Hills Suite 548,South Glorialand,United Kingdom,48385,Yes
180874-15435-UV,Jacob Peters,jessecarroll@hotmail.com,185-856-413,3502 Leslie Ferry Suite 994,East Jonathan,United Kingdom,67304,No
176081-82655-HI,Colin Middleton,sherrymorgan@yahoo.com,743-453-853,144 Stephen River,Hardingport,Ireland,21333,Yes
833171-99481-UV,Shawn King,stonevincent@yahoo.com,929-247-272,4515 Sarah Forest Apt. 990,East Laurenfurt,United States,92651,No
181059-18165-BY,Alicia Johnson,don11@aguilar.com,397-887-445,741 Strong Junction Apt. 900,South Tyler,United States,06637,Yes
167841-90682-UZ,Kayla Carter,robertgay@gmail.com,360-495-345,89904 Kara Streets,Butlerside,Ireland,40058,No
221334-92652-BY,Amy Cooke,wtorres@yahoo.com,798-756-238,425 Silva Roads,Feliciafort,United States,85831,Yes
933387-71149-BY,Alicia Davidson,ycalderon@hotmail.com,313-314-390,56303 Terri Fort,Vanessamouth,United Kingdom,80706,Yes
915597-23403-PE,Whitney Smith,dwood@hotmail.com,259-739-905,69683 Ashley Forge,Cookland,United Kingdom,82073,Yes
231292-78184-UV,Christopher Harris,ibrown@gmail.com,857-411-602,847 Dustin Loaf Suite 055,Shanebury,United Kingdom,19359,No
242567-41847-HW,Jessica Sullivan,sanchezamy@nichols.com,969-260-278,29103 Erin Path Suite 983,West Michael,United States,42449,Yes
470391-43898-NC,Nicole Tucker,todd09@hotmail.com,400-488-522,9645 Chad Point,North Patrickstad,Ireland,10368,Yes
948899-22311-PE,Chris Gonzalez,raymondayala@hernandez.org,818-355-697,395 Garrett Key Suite 169,North Laurastad,Ireland,27816,Yes
418309-87153-IC,Matthew Brown,ugarcia@avila-phelps.org,204-669-906,0458 King Shoal,Chenchester,United States,21361,No
279799-69766-RB,Carl Thomas,heathercochran@hotmail.com,637-700-529,8133 Penny Pass,New Michael,United Kingdom,84227,No
202557-15362-ZC,Erin Cortez,twoodard@garza.com,201-877-717,169 Gwendolyn Wells,South Scottshire,United States,56575,Yes
980779-10003-QU,Ronald Walker,littlecarmen@marshall.com,279-785-209,729 Lisa Neck,West Douglas,United States,10069,No
843264-69961-FR,Angela Castro,gabrielcole@gmail.com,511-971-117,51652 Brendan Ways,New Andrewfort,United Kingdom,81132,Yes
963569-11436-HI,Christian Ellis,dford@lewis.com,308-615-102,464 Ray Key,West Jonathanfort,United Kingdom,53956,No
471824-50753-BY,Deborah Baker,hwilliams@baker.com,286-319-260,5168 Julie Creek,South Jeanmouth,Ireland,32671,No
640402-46282-JQ,James Farmer,emilywells@gmail.com,186-856-244,4680 Jerry Roads,South Troymouth,United Kingdom,64302,Yes
570652-78121-PE,Jason Lang,ericwarren@yahoo.com,880-371-826,005 Brenda Plains Suite 014,Sanchezmouth,United Kingdom,20640,Yes
947790-29894-IQ,Kristen Evans,joshua03@yahoo.com,748-735-394,90035 Madeline Falls Suite 636,Mcculloughfurt,Ireland,23811,No
884343-85476-BB,Matthew Mendez,johnsonpeter@yahoo.com,747-188-329,6326 Lee Port Apt. 539,Ronaldfort,United States,96106,No
839140-58647-PE,Mary Hoover,nataliejohnson@thomas.net,985-886-403,9548 Flowers Landing,New Amy,United States,51338,No
822251-98945-RB,Douglas Cunningham,meyerwilliam@benson.com,244-608-369,32303 David Burg,Jackchester,Ireland,20968,No
618335-53300-QO,Gregory Parker,ortegamark@hotmail.com,473-665-844,808 Young Lock Suite 254,South Kayla,United States,02786,Yes
403396-16337-QJ,John Smith,shannonmorse@nash.biz,911-476-909,40271 Mitchell Throughway,Mullenstad,Ireland,97281,No
965943-68867-RB,Joshua Mathis,iromero@gmail.com,306-116-526,43835 Anthony Village,Angelaside,Ireland,75414,Yes
671874-52467-IQ,Amanda Clark,williamsrichard@yahoo.com,104-469-614,7569 Nichols Landing,Mezafort,United States,23208,No
712903-12164-RG,Johnny Hawkins,oharris@hernandez-reed.com,171-252-169,5684 Harrington Streets Apt. 926,North Thomas,United Kingdom,55357,No
125273-66235-HW,Jessica Rocha MD,tracy96@cook.info,400-720-801,349 Nathaniel Garden Apt. 574,Coopermouth,United States,05634,Yes
778319-18570-PX,Janet Martin,tconner@hotmail.com,277-824-135,29248 Kristen Centers Suite 283,Lake Shane,Ireland,18487,No
959096-62628-BQ,Audrey Perry,richard68@neal.info,776-614-580,0732 Campbell Expressway,Ashleyton,United Kingdom,02290,No
779429-10644-ZC,James Moore,maria20@gmail.com,968-369-387,333 Jeremy Falls,East Lauraberg,United Kingdom,31028,Yes
399453-97013-CB,Javier Olson,rebeccajohnson@gmail.com,428-653-552,69656 Erin Port,Port Jessica,United States,67666,Yes
871283-42496-QJ,Crystal Pierce,benitezchristina@gmail.com,846-977-619,1712 Richmond Points Suite 825,Port Francischester,United Kingdom,83339,Yes
510658-91674-UZ,Gregory Ford,amanda69@griffin-romero.com,831-534-267,338 Aguilar Valley,West Jamesborough,Ireland,18179,No
380735-14621-OB,Brandon Turner,leonjonathan@hotmail.com,465-627-604,3154 Jordan Freeway Suite 304,East Madison,United States,66727,No
602293-82731-ST,Jennifer Calhoun,dhenderson@williamson.com,196-364-857,962 Bethany Hill,Sanchezland,Ireland,19622,Yes
382420-48689-CU,Allison Bautista,kaneelizabeth@gmail.com,389-182-135,019 Mendez Center,West Travis,Ireland,93384,Yes
919535-28094-RG,Jessica Kim,thunter@andrews-strickland.biz,880-129-943,406 Rogers Overpass Suite 119,Rogerfurt,Ireland,45885,Yes
752523-94391-DT,Dana Kline,eharris@hotmail.com,144-646-576,261 Shelia Mount Apt. 024,Moralesmouth,United Kingdom,11449,Yes
767619-61987-QJ,Jason Oconnor,raydevin@wall-mason.biz,626-269-765,713 Danielle Stream Apt. 123,North Jeremiahberg,Ireland,13726,Yes
472392-89698-DT,Ashley Walker,susanwebb@ball.com,506-994-997,85593 Joseph Plain Apt. 430,Port Edwardbury,United Kingdom,57963,Yes
678188-20646-ZN,Susan Phillips,frederick28@thompson-braun.com,280-173-950,5041 Jennifer Village,West Sharonmouth,United States,15579,No
449227-38186-HW,Katherine Watkins,warejennifer@hotmail.com,916-705-525,32761 Jennifer Gateway Suite 961,Pattersonhaven,United States,48976,No
718010-94357-ZC,Ann Christian,anthonyfrench@hotmail.com,325-747-598,2619 Amber Avenue Suite 636,South Heather,Ireland,53553,Yes
683153-88301-HI,Lori Torres,tonyawilson@yahoo.com,757-859-529,05914 Montgomery Groves,Huntertown,Ireland,19958,Yes
241750-77512-OB,Jordan Nelson,ashleybuchanan@gmail.com,746-662-869,9230 Khan Coves,Port Kathyshire,United Kingdom,63330,Yes
444430-49620-HI,Jeremy Watts,michelle12@cortez-crosby.org,210-921-490,227 Denise Glens,Brownmouth,Ireland,65776,No
466752-81052-OU,Todd Sheppard,rcasey@harris-thompson.com,112-389-546,741 Massey Villages Suite 472,North Dawn,Ireland,25577,No
828769-10940-FR,Stephanie Odom,snowpeter@carter.org,534-625-744,7108 White Well Suite 552,Moorestad,Ireland,68520,No
752032-71375-UZ,Angela Lewis,uellis@nelson.com,375-132-658,1817 Cox Pike Suite 469,Newtonfurt,United States,52652,No
726518-89467-OB,Jeffrey Gomez,bbray@hotmail.com,656-178-608,325 Sandra Summit Apt. 027,Martinezfurt,United States,41056,Yes
402527-87379-BY,Natalie Campbell,philipcarrillo@gmail.com,356-548-336,88456 Bennett Ways,Timothystad,Ireland,74135,Yes
780587-77061-PE,Elizabeth Brown,grossbelinda@allen-fox.com,658-273-755,1532 Kathryn Manors Apt. 906,New Erinchester,Ireland,98327,Yes
618037-86482-UV,Mark Dunn,denise18@summers.org,710-385-867,83268 Pena Mount Apt. 652,Romerohaven,United States,16515,No
842420-73561-OM,Brandon Allen,sarah96@gonzales-hoffman.com,989-865-439,6923 Kaufman Vista Apt. 619,New Chelseamouth,United States,95184,No
436462-61743-OB,Courtney Rose,jasminebates@hotmail.com,274-128-135,274 Khan Rapids Suite 288,Fitzgeraldfurt,Ireland,51621,Yes
252827-63849-ZN,Michael Sherman,aaron77@martin.net,307-677-580,890 Love Lodge Apt. 157,New Rebecca,United States,92865,Yes
743983-46332-NC,Marissa Hall,jessicaweiss@gonzales-mccarty.info,310-748-784,0222 Linda Inlet,East Shannonstad,Ireland,99396,Yes
485885-59966-BB,Lisa Tucker,karlrivera@andersen-neal.com,530-443-406,41703 Gaines Ridges,Robinsonshire,Ireland,02037,No
537884-99995-QO,John Sharp,dcarter@yahoo.com,126-450-522,16852 Baker Drive Suite 517,Morrisview,Ireland,27908,Yes
438922-19589-DT,Lisa Aguilar,gmay@yahoo.com,445-501-524,28242 Michael Plain Apt. 752,Port Tiffanyside,United States,43205,Yes
835235-97753-QU,Tanya Myers,sherryrodriguez@kramer.biz,766-242-284,99751 William Drive,Lake Linda,United States,76379,No
254792-67057-OB,Amy Turner,stephanieburke@smith-evans.info,736-416-606,63801 Maddox Shores,Lake Blakemouth,United Kingdom,89892,No
982958-59033-ZC,Melissa Kennedy,kwhitehead@hotmail.com,558-768-871,8596 David Burgs Suite 549,Lake Richard,United States,95626,No
347489-48370-PE,Wesley Sparks,samanthamiller@russell.com,716-325-550,19781 Nicholas Mill,East Isaiah,United States,89193,No
291839-89576-QJ,Brittany Livingston,qsolomon@hotmail.com,284-513-721,464 Tracy Vista Apt. 260,Haleborough,Ireland,12657,Yes
963913-20344-ZC,Matthew Cannon,melanie22@randall-moore.net,176-946-476,15462 Joseph Forge,Lake Ann,Ireland,73712,No
568800-46353-RG,Aaron Sanchez,hulldebra@coleman-villegas.org,371-543-243,40609 Duncan Fords,South Allison,United Kingdom,62903,Yes
800709-98891-UZ,Lisa Bennett,berrycameron@brown.com,654-106-675,057 Bishop Corners Suite 443,Russellhaven,United States,26315,No
945276-22418-UV,Carolyn Young,mendezlaura@gmail.com,623-287-876,703 Moore Parkways Apt. 513,East Markbury,Ireland,31099,Yes
128349-30418-OM,David Campbell,alejandra35@gmail.com,850-996-584,7158 Michael Unions Suite 393,West Nichole,United States,77504,Yes
939769-94037-PE,Amy Johnston,nunezjeanette@jones.com,642-714-431,77528 Ford Courts,North Hayley,Ireland,95282,Yes
926997-59693-EO,Julie Abbott,richardrichardson@hotmail.com,268-356-330,7485 Joshua Flat,West Brandonhaven,United States,16431,Yes
351623-66625-CU,Brandon Gibson,ppayne@carter.org,398-700-604,482 Jeremiah Prairie,New Randyberg,Ireland,43410,Yes
828866-66789-BB,Jacob Brown,laceywoods@hotmail.com,648-314-252,1166 Gabriel Stravenue,Dixonstad,United States,73630,Yes
935237-80079-CU,Benjamin Hunter,amandareese@salazar-moran.com,319-953-555,9032 Brown Light Apt. 478,Tanyafurt,Ireland,25771,Yes
407864-78629-PX,Susan Miller DVM,nestes@benton-jones.biz,609-741-218,886 Lowe Lock Suite 006,Jenniferland,United Kingdom,47691,Yes
247287-94129-BB,Nathan Allen,suzanne64@hotmail.com,852-165-456,5425 Jeffrey Passage,Travisshire,United States,88892,Yes
816104-41186-UZ,Paula Torres,tiffanyhuber@garner-stewart.net,695-327-259,35654 James Manors,Alexaburgh,United States,72861,No
619850-56946-PE,Joseph Willis,james68@reyes.biz,916-350-581,96513 John Camp,Owensmouth,United Kingdom,61529,Yes
512933-80165-UZ,Dr. Robert Morales,brandonandrews@cooper.org,131-234-130,18874 Tammy Summit,Gordonborough,United States,88765,No
203827-63260-DT,Karen Heath,gomezthomas@gmail.com,672-611-615,18822 Smith Lodge,West Kellichester,United Kingdom,22497,Yes
471881-95234-OM,Carolyn Lopez,alexis57@hotmail.com,409-232-481,36268 Jessica Glen Apt. 639,Powellhaven,United States,86160,Yes
519396-97021-CB,Joshua Cook,petersmith@hotmail.com,519-447-219,4328 Patricia Walks,Sherishire,United Kingdom,84489,No
311584-49317-CB,Richard Taylor,owood@yahoo.com,183-816-621,47629 Patrick Oval,North Lesliechester,Ireland,84627,Yes
182849-51031-BY,Marc King,gjones@benton.com,576-274-221,101 Wendy Roads Suite 202,Aaronville,Ireland,82736,No
587422-23454-ZC,Carla Shaffer,bradbarry@green-peterson.org,119-981-598,68544 Howard Mills,Wilsonstad,United Kingdom,34108,Yes
896885-87193-JQ,Corey Rodriguez,jacksonsharon@hotmail.com,974-205-290,683 James Wall Suite 370,Lake Angelaton,United States,70063,No
816642-55917-HI,Brooke Jordan,davislisa@good.com,933-311-723,2571 Mary Corner,North Teresachester,United Kingdom,65594,Yes
758807-73111-UA,Joseph White,hmatthews@hansen.com,484-245-183,312 Justin Drive Apt. 075,East Ross,United Kingdom,99620,Yes
505401-14448-HI,Jenna Wilson,woodwardangela@gmail.com,431-348-574,789 Thomas Grove Suite 978,Rebeccaside,Ireland,65584,Yes
278837-50512-IQ,Sara Mccarthy,dennis07@watson.org,526-314-594,855 Goodwin Burg,Veronicamouth,Ireland,25362,Yes
182424-87358-BY,Paul Brown,cathydoyle@hotmail.com,564-821-767,225 Edward Mountain Apt. 661,Nataliemouth,United States,35578,No
470017-25558-UA,Joseph Miller,wilsonjames@obrien.com,976-123-688,8799 Kaitlin Circles Suite 863,North Connor,United Kingdom,35892,Yes
404599-69927-HI,Robert Moreno,whitney98@yahoo.com,732-684-563,790 Billy Meadows Suite 111,East Marvinbury,United Kingdom,92429,Yes
952028-75328-IC,Victor Perez,emilygarcia@pierce.com,953-159-656,98422 Klein Groves Apt. 409,Lake Eric,Ireland,63758,Yes
937210-12041-IC,James Gonzalez,jacob69@yahoo.com,505-133-342,00005 Teresa Plaza,Westhaven,United States,08826,Yes
434538-60328-UZ,Daniel Foster,pgreen@nelson.biz,476-228-930,6935 Nicholas Isle Suite 664,West David,United Kingdom,96275,No
623115-57247-RB,Mr. Ricky Mcdonald,rodney54@gmail.com,530-317-978,6144 Hernandez Lodge Suite 309,Thomastown,United States,10789,No
981160-55827-FR,Tiffany Stevens,katherine76@miller-morrison.com,807-809-582,29880 Foley Cove Suite 483,North Katherineburgh,Ireland,59311,Yes
238284-55371-RG,Eric Stafford,kathryn45@baker.info,841-677-292,4878 Susan Walk,North Tracyburgh,Ireland,97979,No
188777-92988-QJ,Ashley Thompson,oyoung@yahoo.com,723-447-611,8127 Lori Courts,South Nancyview,United States,05506,Yes
165692-97671-ZC,George Waters,robert50@wright.info,725-325-870,8175 David Flats Suite 890,West Cindy,United States,91544,No
922080-22098-QU,Tiffany Bennett,dsimmons@hotmail.com,490-351-768,6491 John Junction,New Lisaport,United States,12313,Yes
137828-85052-RB,Faith Lee,nbean@hotmail.com,121-682-533,7616 Katie Orchard Suite 325,Ramirezhaven,United Kingdom,13831,Yes
868620-46899-HW,Michael Brown,richard14@hotmail.com,966-554-198,5011 Roy Curve Suite 665,West Jacqueline,United Kingdom,51601,Yes
927449-13354-EO,William Wright,richanne@estrada-sharp.org,262-237-171,1619 West Brooks Apt. 684,Richardmouth,Ireland,64840,Yes
587304-92897-RB,Jesse Nelson,schneiderlaura@davis-henry.com,971-495-936,8389 Cynthia Islands Apt. 747,West Derrickstad,United Kingdom,42047,Yes
333131-46988-RG,Bryan Kidd,joneselizabeth@yahoo.com,125-563-569,70646 Dakota Summit,East Tammy,United States,62530,Yes
583441-76541-EO,Tracy Taylor,deanna06@yahoo.com,489-502-589,0715 Perez Plains Suite 764,New Kevinshire,Ireland,07753,Yes
684301-65156-BY,Steven James,mary03@hunt.com,824-898-417,66599 Stephen Hollow,Bernardmouth,United Kingdom,15167,Yes
290062-67140-OB,Michele Wheeler,laurajohnson@gmail.com,505-743-234,8077 Hernandez Ford,Port Michael,United Kingdom,54478,No
911481-37766-UV,Christopher Turner,gmeadows@smith.info,546-552-103,994 Logan Prairie,Angelastad,Ireland,21968,No
761683-70302-ZC,David Cummings,darlene25@ibarra.com,762-180-750,551 Jones Corners,Shannonmouth,United States,41142,Yes
261357-67771-QU,Leslie Garcia,nsmall@ryan.net,737-373-161,04293 Robinson Tunnel Apt. 894,New Jeffreyfurt,United States,19608,No
932943-58755-UV,Thomas Dalton,stephanie03@mason.net,678-191-744,757 Salazar Drives Apt. 025,Lindseyville,United Kingdom,91037,No
709149-16614-HW,Jacob Maxwell,ngonzales@gmail.com,807-723-891,833 Hester Causeway Apt. 316,North Jenniferhaven,United Kingdom,03245,No
476171-34397-CB,Kathryn Nichols,villanuevasally@townsend-hunter.net,799-930-911,48243 Laura Vista,New Elizabeth,United States,66588,Yes
472315-68150-JQ,Caitlin Walters,karen75@dunlap-schneider.com,724-389-726,5540 Kimberly Brooks Apt. 095,Myersfurt,United States,33612,No
444039-81037-QO,Aaron Williams,hulldebra@sullivan-payne.com,890-856-176,65016 Mendez Bridge,Christinahaven,Ireland,85047,Yes
717118-76540-UZ,Tammy Sullivan,jeffrey12@gmail.com,558-887-205,0791 Leroy Villages,Port Timothy,United States,73115,Yes
976106-92215-EO,Logan Jones,rojasdavid@gmail.com,689-345-681,492 Ramirez Ramp,Salazarbury,United Kingdom,59457,No
603340-70428-UZ,Bianca Stewart MD,rblackwell@evans-garner.com,205-638-527,18377 Toni Glens,Rileyborough,Ireland,86578,No
710048-35448-BY,Henry Mcdowell,xchavez@yahoo.com,369-316-539,768 Mann Junction,North Kimberly,United Kingdom,36739,No
418885-30760-UV,Steven Harrison,michael16@gmail.com,703-711-114,70361 Elaine Burg Suite 070,Davisfort,United States,43749,No
383314-85724-IC,Andrea Owens,patrickpatton@delgado.org,484-583-505,21820 Roman Falls Suite 695,Marialand,United States,20211,Yes
525629-72515-FR,Marcus Camacho,acruz@hotmail.com,184-127-204,21136 Jonathan Plaza,Fieldsbury,United Kingdom,44197,No
948560-45199-UZ,Jeremy Ibarra,awood@gmail.com,572-345-322,356 Karen Corner Apt. 061,East Shelly,United States,34979,Yes
309051-27874-RG,Samantha Kim,nphillips@yahoo.com,197-607-411,6128 Michael Flat Apt. 418,South Luke,Ireland,54159,Yes
304246-68734-DT,William Johnson,gromero@hotmail.com,256-920-259,014 Karen Estate,South Johnnyfurt,United Kingdom,46069,Yes
479348-68698-QO,Joseph Petersen,lbailey@taylor-carson.com,581-973-839,5419 Laura Landing Apt. 574,South Calvin,United States,71134,No
900960-31323-BB,Jodi Harris,andrewbrown@hotmail.com,909-931-257,071 Brett Grove,East Julieville,Ireland,04591,No
565604-64585-CB,Jeffrey Salinas,stephendonaldson@sloan-king.com,155-250-996,9877 Kristie Port Apt. 799,Ramireztown,United States,56169,No
842881-51309-HW,Laura Mcdaniel,eedwards@yahoo.com,174-462-585,5464 Clayton Stravenue Suite 702,Brownchester,Ireland,91061,Yes
885268-87974-OM,Amanda Davis,kathryn99@whitaker-henderson.com,701-640-659,21970 Sanchez Greens,Roberttown,United States,05018,Yes
431147-72562-RG,Leah Smith,joshua12@kirk-owens.com,840-916-348,1972 Julia Points,New Eugenehaven,United States,14438,No
437356-94780-QO,Reginald Howe,rortega@gmail.com,112-471-352,9608 Jonathan Terrace,Port Jasmineview,United Kingdom,70030,No
823119-62945-ZN,Wesley Hughes,andreavillanueva@lewis-knight.org,373-973-115,5547 Charles Meadows Apt. 363,Stevensside,Ireland,16909,Yes
815101-24703-OB,Matthew Rodriguez,gregory69@gmail.com,816-431-472,3893 Alexander Trace Apt. 777,Christopherport,United Kingdom,94606,Yes
621101-46758-NC,Brittany Pitts,acostadarrell@gmail.com,148-904-300,426 Joyce Club,Harperview,United Kingdom,43588,Yes
638371-57569-CB,Keith Bender,kevinscott@simpson-cline.com,680-148-280,2682 Taylor Street Suite 211,Floresborough,United Kingdom,38299,No
282982-15964-UV,George Hodge,hspencer@yahoo.com,581-376-997,0367 Hays Turnpike Apt. 053,North Denise,Ireland,36807,Yes
129491-34275-QU,Nancy Scott MD,jennifer06@jackson-bell.com,731-510-619,700 Martin Overpass,Allenside,United States,75697,No
833228-94648-OM,Michael Lang,perrybrittany@hotmail.com,412-260-292,5270 Jason Hollow Apt. 460,Stacybury,Ireland,12553,No
380952-40043-CB,Katrina Cervantes,davidcummings@yahoo.com,838-340-462,657 Spence Ways,Craigview,United States,59446,No
478214-94272-OM,James Holt,tracy83@blankenship.com,411-399-580,449 Nguyen Isle Apt. 886,Lake Chrisshire,United Kingdom,98887,Yes
332534-75430-HI,Kelly Sparks,ronaldthomas@hotmail.com,909-381-701,5876 Nancy Station,North Christophertown,Ireland,70042,Yes
407092-40808-QJ,Michael Murphy,zpatterson@schroeder.com,804-927-769,876 James Parkways Suite 422,Jameschester,Ireland,14012,Yes
172651-34792-PE,Mark Moss,amanda14@hotmail.com,666-492-427,4578 Jeffery Oval,North Maryville,United States,02552,No
847660-45323-FR,Kelly Mendoza,ksweeney@soto.com,173-340-611,7956 Weeks Glens Apt. 742,Beckerfurt,United States,10446,No
844039-96827-EO,Jason Davis,elizabeth78@williams.com,908-795-733,847 Le Port,Reynoldsburgh,United Kingdom,66273,Yes
281161-82002-ZN,Brian Long,scott52@krause-jensen.com,796-431-676,79940 Mccoy Meadow Suite 285,East Ashley,United Kingdom,43498,No
253830-18429-HI,Edgar White,cynthiamartin@smith-johnson.com,533-925-901,8602 Reed Common,Annefort,United States,82917,Yes
259555-70205-ZC,Rodney Kim,joycemadeline@reed.com,628-840-877,3119 Shelton Manor Apt. 031,Lake Sabrina,United States,08954,No
847561-70545-QO,Tiffany Hendricks DDS,lori35@barber.net,621-998-261,48167 Jason Curve Suite 157,West Paulton,United States,37452,Yes
424793-60621-CU,Virginia Floyd,hudsonheidi@hotmail.com,771-985-784,674 Lopez Ports Suite 086,New Amy,Ireland,29191,No
631846-25373-CB,Randall Keller,caldwellnicole@thompson-acosta.com,795-357-536,40541 Diaz Circle Suite 634,Port Nicole,United Kingdom,48283,No
446676-80085-NC,Joshua Estrada,ginamartin@price.com,233-665-751,3761 Michael Mountain,Chloeview,United States,62672,Yes
497287-74326-BB,Anthony Jones,shelia60@yahoo.com,109-494-567,306 Johnston Estate,Frenchview,United Kingdom,03128,No
907087-18910-BB,Michael Ramirez,lucascandace@yahoo.com,502-267-686,979 Stephanie Extension,West Ericburgh,Ireland,90782,Yes
514628-69253-RG,Allen Mills,pcarr@yahoo.com,799-893-834,704 White Grove Apt. 570,New Zacharyfort,Ireland,85227,Yes
518861-68839-RB,Michael Stephenson,gblackburn@gmail.com,591-660-550,063 Daniel Island,Pamelahaven,Ireland,12829,Yes
540223-13749-EO,Madeline Bradshaw,mathewsjonathan@mccarthy-anderson.com,238-799-502,4527 Herman Hill Apt. 281,South Frederickport,United Kingdom,26088,Yes
884987-59662-CB,Richard Alvarado,jessica66@hotmail.com,142-568-992,0473 Brandy Manor Suite 435,Vasquezside,Ireland,83894,Yes
428133-45295-CU,Cynthia Bailey,gallegosstephen@buchanan.com,943-698-360,33948 Ford Pike,New Danielbury,United States,08558,Yes
648332-99873-QJ,Kenneth King,malik83@hotmail.com,304-987-213,65328 James Estate Suite 142,Emilyside,United States,62487,Yes
756966-34812-OB,Erin Woods,anna29@floyd.biz,599-799-252,899 Lewis Fall,South Thomas,United States,37339,No
867240-30406-ZC,Zachary Kim,gkim@fleming-campos.org,538-973-102,277 Carter Green Suite 045,New Terriview,United States,53747,No
122505-31945-HI,Ana Benitez,alicia03@hill-hernandez.org,187-127-154,285 Carolyn Club,Josephville,United States,59509,No
182033-26820-ZN,John Gray,robertwarren@whitney-mclaughlin.info,732-296-828,081 Nichole Heights Apt. 033,New Daniel,Ireland,88700,No
347599-12225-EO,Brooke Davies,matthewsmark@house.com,833-875-436,35092 Paula Path,New Joshuashire,United Kingdom,89527,Yes
315172-86301-OB,Sandra Kim,robertmccann@yahoo.com,688-408-212,9849 Williams Lane Suite 766,Port Stanleyville,Ireland,76330,Yes
983379-72380-DT,Andrew Morales,nhenry@yahoo.com,471-119-200,159 Donald Island Suite 552,Lake Gregory,United Kingdom,17071,No
442168-50906-NC,Tony Mason,meghan78@lopez-mccoy.biz,740-450-308,4403 Benson Valley,Riveraside,United States,05802,Yes
616001-45570-QO,Anthony Lindsey,hpena@hotmail.com,347-866-663,80543 Mindy Dam Apt. 761,Port Stephanie,United States,27125,Yes
817925-55925-QJ,Cristina Myers,jacksonchristopher@yahoo.com,546-884-925,92187 Thompson Burgs Suite 200,Kimview,United Kingdom,10347,Yes
598502-68976-ZN,Andrea Mitchell,fletchermatthew@cuevas-huerta.com,639-314-160,22173 Miguel Port Apt. 075,Cookfurt,United States,56931,No
646007-43887-DT,Samuel Ferrell,boydcasey@hotmail.com,928-755-363,86937 Miller Ranch Suite 190,Danielston,United Kingdom,43146,Yes
136291-86233-NC,Kyle Serrano,thomaselizabeth@flores-robertson.com,837-577-180,591 Williamson Hollow,North Michael,United Kingdom,16606,Yes
201015-69647-QJ,Lindsay Taylor,xhart@gmail.com,808-367-778,171 Elliott Circles Apt. 466,Lake Scottbury,United States,18023,No
