Order ID,Order Date,Customer ID,Product ID,Quantity,Customer Name,Email,Country,Coffee Type,Roast Type,Size,Unit Price,Sales
64D4EA94,31/07/2023,229359-25328-RB,D-E-2.5,6,Customer189,customer189@example.com,IT,Robusta,Light,Large,11.7,70.19999999999999
0D8741D8,21/03/2021,833302-97342-UA,D-M-2.5,6,Customer968,customer968@example.com,US,Blend,Dark,Large,12.76,76.56
C676FCE1,19/04/2022,344686-31248-FR,E-M-0.5,4,Customer963,customer963@example.com,ES,Robusta,Medium,Small,13.09,52.36
76CA6742,05/11/2022,706733-30118-QU,M-A-1,2,Customer482,customer482@example.com,FR,Arabica,Light,Large,15.45,30.9
B61D5274,24/08/2023,333131-46988-RG,L-A-2.5,3,Customer331,customer331@example.com,UK,Blend,Light,Medium,6.32,18.96
3D406FD0,29/12/2019,815079-67786-IQ,E-L-1,1,Customer598,customer598@example.com,IT,Arabica,Light,Medium,13.73,13.73
80A3C091,30/12/2022,884343-85476-BB,L-E-1,4,Customer405,customer405@example.com,FR,Robusta,Medium,Medium,8.57,34.28
6BCE3243,22/08/2022,183314-71278-QO,L-E-0.5,5,Customer644,customer644@example.com,ES,Robusta,Light,Small,11.39,56.95
1CCA461F,01/03/2020,386022-34641-OB,M-L-0.5,4,Customer755,customer755@example.com,FR,Robusta,Medium,Small,12.64,50.56
4A1E158F,15/10/2023,242567-41847-HW,R-M-2.5,1,Customer114,customer114@example.com,ES,Arabica,Dark,Large,13.42,13.42
2B1DE39E,16/02/2023,102294-63388-HW,M-E-1,4,Customer849,customer849@example.com,FR,Robusta,Dark,Medium,17.78,71.12
B5F97925,20/12/2020,866065-45622-PE,A-R-1,6,Customer360,customer360@example.com,FR,Blend,Light,Small,11.96,71.76
4286A425,21/02/2020,188995-26144-UZ,A-R-0.5,5,Customer553,customer553@example.com,UK,Blend,Medium,Medium,12.64,63.2
D38AADAE,28/05/2021,127964-76239-DT,M-A-1,4,Customer783,customer783@example.com,PL,Blend,Light,Large,17.05,68.2
D3E889EF,12/04/2020,606452-50706-DT,R-A-2.5,6,Customer482,customer482@example.com,UK,Blend,Light,Small,13.35,80.1
7176EA01,06/10/2020,994598-79138-NC,E-E-2.5,4,Customer906,customer906@example.com,US,Robusta,Dark,Small,14.96,59.84
2EE271F7,06/02/2022,309051-27874-RG,R-D-1,3,Customer304,customer304@example.com,US,Robusta,Light,Medium,14.55,43.650000000000006
380E1C09,05/05/2021,172651-34792-PE,A-D-0.5,2,Customer974,customer974@example.com,IT,Robusta,Dark,Medium,12.8,25.6
03FEDDEA,09/07/2019,164306-40463-ZC,A-R-2.5,1,Customer790,customer790@example.com,US,Blend,Medium,Medium,18.32,18.32
720DE1A1,17/05/2019,471824-50753-BY,L-E-2.5,6,Customer943,customer943@example.com,DE,Blend,Medium,Small,15.95,95.69999999999999
4D2FDB8A,28/01/2019,761683-70302-ZC,L-A-1,5,Customer554,customer554@example.com,DE,Robusta,Medium,Medium,10.31,51.550000000000004
69F28012,17/07/2021,174326-42759-FR,R-L-0.5,6,Customer757,customer757@example.com,ES,Robusta,Medium,Medium,18.38,110.28
B8351BDF,19/09/2023,327106-83146-UV,M-L-2.5,6,Customer762,customer762@example.com,ES,Blend,Dark,Large,11.99,71.94
1E7B5080,15/01/2022,670993-31115-QU,M-E-2.5,5,Customer674,customer674@example.com,PL,Arabica,Medium,Small,5.04,25.2
ECE21AC6,06/11/2022,407864-78629-PX,A-E-2.5,6,Customer785,customer785@example.com,ES,Blend,Light,Medium,13.9,83.4
523FE088,09/01/2022,182849-51031-BY,M-E-0.5,6,Customer276,customer276@example.com,PL,Robusta,Light,Small,15.26,91.56
B63C2B33,21/03/2022,188777-92988-QJ,M-D-1,1,Customer702,customer702@example.com,DE,Robusta,Light,Small,8.56,8.56
FE3A9547,16/01/2021,125273-66235-HW,L-R-1,5,Customer230,customer230@example.com,IT,Blend,Medium,Large,16.3,81.5
F8D4D659,12/07/2019,565959-22582-QU,A-L-1,4,Customer441,customer441@example.com,FR,Blend,Medium,Large,15.1,60.4
5B69F332,01/08/2023,351623-66625-CU,R-A-2.5,3,Customer70,customer70@example.com,US,Robusta,Light,Small,17.6,52.800000000000004
3C6FFDD2,07/04/2019,631400-18025-NC,A-R-0.5,1,Customer552,customer552@example.com,DE,Blend,Light,Large,12.69,12.69
3F2D474F,18/01/2019,443573-14228-OB,D-R-1,5,Customer441,customer441@example.com,PL,Robusta,Dark,Medium,13.02,65.1
E647E9E7,17/12/2022,175637-31516-HI,M-R-2.5,1,Customer546,customer546@example.com,US,Blend,Light,Medium,13.47,13.47
21113C18,22/03/2020,715415-22158-BY,A-E-1,4,Customer483,customer483@example.com,UK,Arabica,Medium,Large,12.07,48.28
5970E97A,06/03/2021,623115-57247-RB,E-M-0.5,6,Customer859,customer859@example.com,FR,Blend,Medium,Large,19.87,119.22
65A996D1,03/02/2023,896027-13501-OM,M-D-1,4,Customer613,customer613@example.com,ES,Robusta,Light,Small,6.01,24.04
1A8E7786,13/10/2020,679000-73129-PX,A-E-1,1,Customer487,customer487@example.com,UK,Robusta,Dark,Large,16.6,16.6
D3520634,29/12/2022,648332-99873-QJ,M-E-2.5,6,Customer272,customer272@example.com,US,Arabica,Dark,Large,16.36,98.16
32F4A318,10/06/2019,148523-92032-CB,M-R-0.5,4,Customer721,customer721@example.com,UK,Arabica,Medium,Medium,11.44,45.76
6C5E99C3,10/04/2020,178129-67446-IC,A-M-1,2,Customer749,customer749@example.com,PL,Blend,Light,Small,9.85,19.7
5907CEE2,24/08/2022,884987-59662-CB,A-M-0.5,5,Customer91,customer91@example.com,FR,Blend,Medium,Large,18.1,90.5
BEE8F29D,14/09/2021,420311-24346-RG,L-E-2.5,1,Customer439,customer439@example.com,FR,Robusta,Medium,Large,10.77,10.77
9DBA2AFD,20/09/2019,166295-91592-UZ,A-L-0.5,3,Customer646,customer646@example.com,UK,Blend,Dark,Small,10.24,30.72
610AA4BF,23/12/2021,726518-89467-OB,E-R-0.5,2,Customer598,customer598@example.com,IT,Blend,Light,Large,18.59,37.18
0A087433,25/08/2023,845473-75857-EO,E-A-0.5,4,Customer562,customer562@example.com,PL,Arabica,Light,Medium,11.88,47.52
96F23C8B,11/11/2019,699463-47791-BQ,E-E-2.5,2,Customer839,customer839@example.com,UK,Blend,Dark,Small,14.89,29.78
438016CD,10/10/2019,510658-91674-UZ,D-L-2.5,5,Customer142,customer142@example.com,DE,Blend,Dark,Medium,16.64,83.2
AFB8C0E1,15/09/2023,475106-62649-UZ,A-R-0.5,5,Customer710,customer710@example.com,FR,Robusta,Light,Small,8.97,44.85
4890D3BB,15/03/2023,457948-72489-PE,R-E-2.5,5,Customer174,customer174@example.com,UK,Arabica,Dark,Large,19.0,95.0
69231038,19/08/2022,382420-48689-CU,L-E-1,2,Customer165,customer165@example.com,IT,Robusta,Light,Large,5.44,10.88
7DF7C967,12/10/2022,129491-34275-QU,A-A-1,3,Customer756,customer756@example.com,IT,Robusta,Medium,Medium,11.3,33.900000000000006
5A2D5223,05/04/2020,844274-94626-EO,L-L-0.5,1,Customer602,customer602@example.com,UK,Blend,Dark,Medium,7.8,7.8
91EE561E,07/10/2021,471881-95234-OM,E-R-2.5,4,Customer511,customer511@example.com,ES,Robusta,Medium,Medium,14.99,59.96
7F51DF62,26/12/2019,318964-87958-FR,E-E-1,1,Customer68,customer68@example.com,IT,Arabica,Dark,Large,17.95,17.95
42DA1C82,29/09/2019,609485-20101-CB,E-L-2.5,3,Customer223,customer223@example.com,FR,Robusta,Light,Medium,6.39,19.169999999999998
EBC0D650,06/05/2023,812888-85331-ST,R-R-2.5,2,Customer615,customer615@example.com,IT,Arabica,Dark,Medium,13.96,27.92
B983014A,02/10/2019,713017-41051-HI,L-R-1,1,Customer541,customer541@example.com,US,Blend,Light,Small,7.99,7.99
8109DD09,21/06/2020,167841-90682-UZ,M-R-0.5,1,Customer604,customer604@example.com,FR,Arabica,Light,Large,15.12,15.12
038B7406,03/12/2019,867240-30406-ZC,M-D-1,5,Customer874,customer874@example.com,US,Robusta,Light,Small,8.43,42.15
0ADDEC2C,06/01/2021,245687-95018-UZ,M-M-0.5,4,Customer883,customer883@example.com,UK,Blend,Medium,Large,11.63,46.52
8532C109,24/12/2019,900960-31323-BB,L-L-2.5,3,Customer618,customer618@example.com,IT,Robusta,Medium,Medium,6.07,18.21
C9910C00,24/10/2022,605611-92552-OU,E-A-2.5,5,Customer805,customer805@example.com,FR,Arabica,Medium,Large,15.3,76.5
D7929354,20/04/2023,407092-40808-QJ,M-A-2.5,4,Customer853,customer853@example.com,ES,Robusta,Dark,Medium,17.0,68.0
E6461A26,05/11/2019,193952-78892-OU,E-E-0.5,2,Customer934,customer934@example.com,ES,Robusta,Dark,Large,11.05,22.1
AA58544D,07/12/2022,226811-95051-IQ,M-A-2.5,2,Customer814,customer814@example.com,IT,Blend,Medium,Large,9.51,19.02
9D7525C3,01/03/2020,542510-60482-UZ,L-E-0.5,6,Customer944,customer944@example.com,ES,Blend,Dark,Small,17.85,107.10000000000001
0A0FF3DB,16/08/2022,841672-76432-PE,E-R-0.5,3,Customer668,customer668@example.com,US,Arabica,Light,Small,8.7,26.099999999999998
3820917C,15/07/2023,402527-87379-BY,M-A-1,4,Customer945,customer945@example.com,DE,Robusta,Light,Large,13.05,52.2
B19A627D,23/01/2020,655784-26609-CB,R-E-0.5,3,Customer765,customer765@example.com,PL,Robusta,Medium,Small,18.65,55.949999999999996
AC42B259,06/11/2019,315708-38523-ZC,D-L-0.5,4,Customer785,customer785@example.com,US,Robusta,Light,Medium,8.19,32.76
0C5F1D39,19/05/2022,519396-97021-CB,R-E-0.5,1,Customer416,customer416@example.com,PL,Blend,Dark,Small,17.42,17.42
3DD53BC8,21/07/2021,239275-31890-NC,R-M-0.5,3,Customer280,customer280@example.com,FR,Blend,Dark,Small,17.09,51.269999999999996
4BCB1331,05/02/2023,817617-37170-ZC,A-L-0.5,5,Customer537,customer537@example.com,IT,Robusta,Medium,Large,9.38,46.900000000000006
DC4E261B,12/10/2023,907087-18910-BB,E-L-2.5,1,Customer931,customer931@example.com,US,Arabica,Dark,Small,16.32,16.32
37646699,28/10/2021,543272-19740-HW,D-R-2.5,4,Customer626,customer626@example.com,ES,Robusta,Medium,Large,16.43,65.72
2FBC996F,20/03/2020,308935-90328-OB,M-D-1,6,Customer274,customer274@example.com,PL,Arabica,Dark,Large,9.08,54.480000000000004
98752255,14/09/2019,860376-64332-HI,A-A-2.5,1,Customer98,customer98@example.com,DE,Blend,Dark,Large,5.28,5.28
6525EBE9,09/10/2023,332534-75430-HI,M-A-2.5,6,Customer415,customer415@example.com,FR,Arabica,Medium,Large,5.77,34.62
33C32B1E,29/05/2020,712903-12164-RG,E-M-2.5,6,Customer663,customer663@example.com,ES,Blend,Medium,Small,10.37,62.22
0D668413,14/10/2022,436462-61743-OB,D-M-0.5,3,Customer982,customer982@example.com,US,Arabica,Medium,Small,14.68,44.04
17E70AC7,31/12/2022,664351-52956-UA,A-R-2.5,1,Customer220,customer220@example.com,FR,Blend,Medium,Small,16.55,16.55
280B4F2A,15/12/2022,382679-21876-IC,D-M-2.5,1,Customer612,customer612@example.com,IT,Arabica,Medium,Large,17.57,17.57
4FE73097,12/10/2021,780587-77061-PE,L-D-1,3,Customer178,customer178@example.com,PL,Blend,Light,Small,19.99,59.97
3B808A1C,08/11/2021,252827-63849-ZN,E-L-2.5,4,Customer925,customer925@example.com,UK,Blend,Dark,Medium,17.86,71.44
0BDF1D2E,03/11/2022,922080-22098-QU,R-D-1,4,Customer272,customer272@example.com,DE,Robusta,Light,Large,5.74,22.96
CADD5B37,17/02/2022,540223-13749-EO,D-R-2.5,5,Customer422,customer422@example.com,DE,Arabica,Dark,Medium,15.89,79.45
FCBA8BBB,13/06/2022,621101-46758-NC,E-M-2.5,3,Customer398,customer398@example.com,FR,Robusta,Light,Medium,16.44,49.32000000000001
2BB97757,20/08/2023,892381-11745-DT,R-A-0.5,3,Customer938,customer938@example.com,US,Robusta,Dark,Medium,15.62,46.86
19F09343,03/03/2023,128873-86821-PX,M-M-1,2,Customer20,customer20@example.com,DE,Arabica,Dark,Medium,17.34,34.68
5931A314,22/10/2023,127285-70987-BQ,L-L-2.5,2,Customer547,customer547@example.com,PL,Robusta,Dark,Medium,18.42,36.84
37A52315,23/03/2022,914373-65409-OM,E-A-1,6,Customer386,customer386@example.com,PL,Arabica,Medium,Large,6.44,38.64
80CC7C2C,29/12/2023,595168-33250-UA,R-A-1,6,Customer977,customer977@example.com,PL,Arabica,Medium,Large,18.56,111.35999999999999
9D33FD46,19/02/2019,167871-20444-HW,R-R-2.5,4,Customer296,customer296@example.com,DE,Blend,Light,Medium,8.83,35.32
BF412348,09/10/2023,149541-44243-QU,D-D-2.5,2,Customer892,customer892@example.com,DE,Arabica,Light,Medium,11.0,22.0
E6865939,24/05/2020,583441-76541-EO,A-M-2.5,1,Customer649,customer649@example.com,US,Blend,Medium,Large,8.88,8.88
B3C83050,24/09/2019,479348-68698-QO,L-L-0.5,4,Customer782,customer782@example.com,DE,Arabica,Dark,Small,12.45,49.8
210EF41D,11/09/2020,743219-14186-UV,L-M-2.5,6,Customer804,customer804@example.com,FR,Blend,Light,Small,12.38,74.28
E15C1944,12/03/2021,247287-94129-BB,R-D-0.5,5,Customer275,customer275@example.com,FR,Robusta,Dark,Large,7.25,36.25
A78B0B69,27/03/2020,573974-77673-OM,A-D-0.5,6,Customer823,customer823@example.com,DE,Robusta,Dark,Large,10.26,61.56
FDD89C6C,06/11/2021,225080-21370-BY,E-D-2.5,2,Customer87,customer87@example.com,IT,Blend,Dark,Medium,15.66,31.32
A0A2DBBB,21/05/2021,466819-89912-OB,D-E-1,2,Customer639,customer639@example.com,FR,Blend,Dark,Medium,15.98,31.96
1B1AA2AE,24/01/2023,656353-59141-CB,L-E-0.5,6,Customer116,customer116@example.com,IT,Robusta,Light,Small,6.81,40.86
B1251AC1,28/02/2019,576475-75784-BY,L-R-1,3,Customer808,customer808@example.com,IT,Robusta,Medium,Small,18.83,56.489999999999995
F174D520,10/04/2023,268171-46463-UA,L-R-1,6,Customer691,customer691@example.com,DE,Robusta,Medium,Medium,12.42,74.52
A892CB13,16/07/2023,476171-34397-CB,D-R-1,4,Customer471,customer471@example.com,DE,Robusta,Medium,Small,5.02,20.08
7B78EC04,10/12/2023,587413-32541-OM,R-D-2.5,4,Customer503,customer503@example.com,ES,Robusta,Medium,Small,18.16,72.64
6C992E4B,18/07/2019,122505-31945-HI,M-A-0.5,3,Customer72,customer72@example.com,IT,Blend,Light,Medium,16.59,49.769999999999996
0D3EAF5A,16/08/2023,669781-64233-QO,R-A-0.5,3,Customer328,customer328@example.com,UK,Blend,Dark,Medium,9.03,27.089999999999996
0A8B1AB2,31/05/2019,772552-25657-ZC,D-M-2.5,3,Customer383,customer383@example.com,PL,Blend,Light,Large,14.13,42.39
A2858AAC,15/10/2019,240138-12198-ST,D-L-2.5,4,Customer727,customer727@example.com,UK,Arabica,Light,Medium,7.06,28.24
12F0753E,01/03/2020,362696-48248-OB,E-A-2.5,3,Customer870,customer870@example.com,ES,Arabica,Medium,Large,16.86,50.58
634282EC,26/02/2019,278837-50512-IQ,D-E-1,6,Customer634,customer634@example.com,FR,Blend,Medium,Small,11.73,70.38
FDCDE164,10/05/2023,853816-80065-RB,M-E-1,2,Customer983,customer983@example.com,FR,Blend,Light,Large,11.13,22.26
9CA789FE,27/07/2020,144246-60462-OU,R-R-2.5,3,Customer202,customer202@example.com,PL,Blend,Light,Medium,8.88,26.64
E0B53A7D,08/11/2023,660635-73570-FR,L-R-1,6,Customer100,customer100@example.com,US,Arabica,Medium,Small,6.1,36.599999999999994
C802BB03,06/03/2023,526003-95490-UZ,E-L-1,5,Customer164,customer164@example.com,DE,Blend,Medium,Medium,15.82,79.1
EA3EDC7C,22/05/2021,428227-51868-RG,L-R-0.5,3,Customer786,customer786@example.com,UK,Blend,Dark,Medium,15.47,46.410000000000004
3CC680E1,18/11/2020,517884-98036-DT,A-E-2.5,4,Customer287,customer287@example.com,DE,Robusta,Medium,Small,10.92,43.68
B633C2B9,15/11/2019,870643-97545-UV,A-M-2.5,1,Customer65,customer65@example.com,FR,Blend,Dark,Medium,18.59,18.59
BA02AF33,07/10/2023,775707-25429-QU,R-M-1,3,Customer332,customer332@example.com,US,Blend,Medium,Medium,18.82,56.46
EAA28381,17/12/2023,871691-96627-RG,A-E-0.5,3,Customer247,customer247@example.com,ES,Robusta,Medium,Large,13.84,41.519999999999996
9BA843BD,02/04/2020,800709-98891-UZ,D-L-2.5,4,Customer263,customer263@example.com,DE,Arabica,Light,Small,13.42,53.68
38CD591C,07/02/2022,743983-46332-NC,L-A-2.5,6,Customer636,customer636@example.com,IT,Blend,Medium,Medium,7.06,42.36
A69E30C5,12/04/2023,165692-97671-ZC,E-R-1,2,Customer344,customer344@example.com,ES,Blend,Dark,Small,7.07,14.14
84A71B36,28/03/2019,634628-90960-QJ,M-L-2.5,2,Customer973,customer973@example.com,US,Arabica,Medium,Medium,6.49,12.98
FB4045C3,10/04/2022,948560-45199-UZ,R-L-2.5,5,Customer342,customer342@example.com,IT,Arabica,Light,Large,6.85,34.25
ACFE5E09,06/10/2023,201015-69647-QJ,R-R-1,1,Customer626,customer626@example.com,IT,Robusta,Light,Large,10.27,10.27
D38DD920,02/10/2019,431147-72562-RG,R-L-1,5,Customer970,customer970@example.com,ES,Robusta,Medium,Medium,14.53,72.64999999999999
E6E90BE1,13/04/2022,102415-31715-QO,E-R-1,3,Customer873,customer873@example.com,UK,Arabica,Light,Large,12.38,37.14
3FC9F1CD,04/11/2023,437356-94780-QO,M-D-2.5,3,Customer931,customer931@example.com,US,Blend,Dark,Small,15.92,47.76
1A25D65D,19/11/2019,444430-49620-HI,L-E-2.5,2,Customer778,customer778@example.com,UK,Robusta,Dark,Large,8.45,16.9
6F4F8FAD,19/09/2023,350917-53430-QO,A-E-1,6,Customer493,customer493@example.com,FR,Arabica,Light,Medium,8.47,50.82000000000001
941597BB,26/11/2020,826963-15787-RG,M-L-0.5,5,Customer792,customer792@example.com,DE,Arabica,Medium,Large,16.68,83.4
82520ACE,10/09/2022,557912-26600-BB,E-A-0.5,6,Customer811,customer811@example.com,ES,Robusta,Dark,Large,10.34,62.04
AECD7AF3,07/06/2022,554114-90159-HW,E-L-0.5,3,Customer310,customer310@example.com,UK,Arabica,Light,Large,5.24,15.72
9AFE024C,19/03/2021,537339-60907-ZN,L-M-1,2,Customer948,customer948@example.com,PL,Robusta,Light,Medium,15.86,31.72
DEDA67E6,18/12/2021,896885-87193-JQ,D-E-2.5,1,Customer878,customer878@example.com,ES,Robusta,Dark,Large,11.51,11.51
CCE538D2,03/03/2021,241155-19879-PE,D-R-0.5,5,Customer42,customer42@example.com,DE,Arabica,Medium,Medium,17.71,88.55000000000001
30376B6E,17/11/2022,769901-32146-FR,M-D-1,1,Customer820,customer820@example.com,DE,Robusta,Dark,Small,11.55,11.55
77F3379C,10/08/2019,251702-94203-OB,A-R-2.5,6,Customer172,customer172@example.com,PL,Robusta,Medium,Large,18.19,109.14000000000001
972F550A,12/01/2021,440202-48926-IQ,R-A-0.5,1,Customer363,customer363@example.com,IT,Robusta,Dark,Medium,18.38,18.38
B5FA6DD7,24/12/2020,816104-41186-UZ,M-M-2.5,4,Customer46,customer46@example.com,IT,Blend,Dark,Medium,9.13,36.52
B7432721,04/05/2022,952028-75328-IC,D-D-2.5,2,Customer251,customer251@example.com,ES,Blend,Dark,Medium,16.73,33.46
8C173C55,15/05/2021,733956-74701-HI,R-A-0.5,2,Customer942,customer942@example.com,PL,Blend,Dark,Small,6.98,13.96
65DC6BAE,04/08/2019,181059-18165-BY,R-L-1,5,Customer110,customer110@example.com,US,Robusta,Medium,Medium,15.07,75.35
4547453F,14/06/2020,847660-45323-FR,L-D-2.5,1,Customer672,customer672@example.com,FR,Arabica,Dark,Medium,7.44,7.44
4B966FEB,29/03/2020,679930-33196-PX,L-R-2.5,4,Customer838,customer838@example.com,US,Arabica,Dark,Large,14.03,56.12
725B0D92,20/06/2023,158690-55519-CU,R-A-0.5,5,Customer435,customer435@example.com,IT,Robusta,Medium,Large,13.42,67.1
20ADB801,21/10/2022,828866-66789-BB,R-A-2.5,1,Customer182,customer182@example.com,US,Robusta,Light,Small,13.3,13.3
F304168D,01/03/2019,953211-38883-BY,D-A-1,1,Customer527,customer527@example.com,FR,Blend,Light,Large,15.23,15.23
58F2A17C,08/06/2021,136726-24779-DT,E-R-1,3,Customer564,customer564@example.com,US,Blend,Light,Small,16.96,50.88
A283C7BB,19/09/2021,838261-48853-QU,A-R-0.5,2,Customer774,customer774@example.com,FR,Arabica,Medium,Small,8.21,16.42
427A119C,26/11/2021,388267-35454-UA,A-M-0.5,1,Customer11,customer11@example.com,PL,Blend,Light,Large,14.09,14.09
7991AC97,04/09/2020,718010-94357-ZC,E-R-0.5,6,Customer758,customer758@example.com,FR,Blend,Dark,Small,8.9,53.400000000000006
5E3D3875,20/06/2023,462737-68369-ZN,A-M-2.5,4,Customer262,customer262@example.com,PL,Blend,Medium,Medium,14.13,56.52
3EE163ED,10/07/2020,937210-12041-IC,M-M-0.5,6,Customer250,customer250@example.com,FR,Arabica,Light,Large,6.31,37.86
DACB1CDF,09/04/2019,868620-46899-HW,E-M-0.5,3,Customer94,customer94@example.com,UK,Blend,Medium,Large,8.8,26.400000000000002
6FE5B5FA,27/06/2020,709290-14997-FR,M-M-0.5,5,Customer58,customer58@example.com,UK,Blend,Medium,Large,18.73,93.65
14EF41DC,17/01/2023,752032-71375-UZ,E-E-2.5,5,Customer139,customer139@example.com,PL,Robusta,Dark,Large,14.86,74.3
360E83A0,02/03/2022,408410-45029-HW,M-M-2.5,6,Customer596,customer596@example.com,ES,Arabica,Medium,Small,8.44,50.64
CE52B7C8,05/12/2021,182424-87358-BY,M-A-0.5,5,Customer861,customer861@example.com,DE,Robusta,Medium,Medium,19.01,95.05000000000001
F14D8FA3,08/08/2022,923527-70775-BY,R-D-2.5,6,Customer550,customer550@example.com,IT,Arabica,Light,Medium,7.59,45.54
D5A04DF1,09/12/2022,618335-53300-QO,M-A-1,1,Customer183,customer183@example.com,US,Blend,Light,Small,8.25,8.25
4393D402,19/09/2019,667852-93437-QJ,E-R-0.5,3,Customer405,customer405@example.com,UK,Arabica,Light,Large,16.07,48.21
353ABD72,23/02/2019,678188-20646-ZN,R-L-2.5,6,Customer409,customer409@example.com,IT,Blend,Light,Medium,12.27,73.62
1F89333A,27/01/2020,261357-67771-QU,A-L-2.5,2,Customer240,customer240@example.com,FR,Robusta,Light,Large,18.49,36.98
EE283905,05/08/2023,697279-56450-ZC,M-D-1,4,Customer648,customer648@example.com,DE,Arabica,Dark,Small,9.52,38.08
39DAFBAF,14/09/2022,171430-55397-FR,R-L-2.5,1,Customer388,customer388@example.com,US,Blend,Dark,Large,10.46,10.46
61BC85D3,21/10/2023,842508-46870-BB,R-R-2.5,5,Customer807,customer807@example.com,IT,Blend,Dark,Medium,6.9,34.5
8B9127BD,10/09/2021,332825-42865-OB,L-A-1,4,Customer767,customer767@example.com,UK,Robusta,Light,Large,6.33,25.32
847C5845,15/04/2022,569654-69627-OB,A-D-0.5,2,Customer865,customer865@example.com,US,Arabica,Medium,Small,6.25,12.5
F8046AD3,23/09/2022,701333-34678-QU,M-R-1,1,Customer287,customer287@example.com,US,Arabica,Light,Small,14.47,14.47
1086D712,08/11/2020,497287-74326-BB,M-E-1,3,Customer478,customer478@example.com,UK,Blend,Dark,Small,12.11,36.33
D1F10E05,09/06/2020,287829-22898-UV,A-L-2.5,6,Customer614,customer614@example.com,FR,Arabica,Light,Large,14.37,86.22
6A86F582,28/09/2021,253135-60168-ZN,M-R-0.5,3,Customer899,customer899@example.com,US,Robusta,Medium,Medium,16.71,50.13
75B51833,09/07/2020,133850-90760-NC,D-L-0.5,2,Customer11,customer11@example.com,FR,Blend,Light,Large,9.31,18.62
EDA15F86,18/04/2023,380735-14621-OB,E-D-0.5,6,Customer661,customer661@example.com,PL,Blend,Dark,Large,5.12,30.72
707EEC08,26/02/2021,304246-68734-DT,L-M-1,4,Customer996,customer996@example.com,US,Arabica,Medium,Large,14.32,57.28
B3C62EB7,20/02/2023,842420-73561-OM,E-R-1,3,Customer618,customer618@example.com,PL,Blend,Dark,Large,7.04,21.12
5C2B9251,08/09/2022,846512-47525-PE,E-L-2.5,1,Customer202,customer202@example.com,PL,Robusta,Light,Large,9.44,9.44
C3C2D16A,25/08/2021,627072-93542-UA,M-L-0.5,6,Customer925,customer925@example.com,UK,Arabica,Dark,Medium,7.97,47.82
345ED73A,05/11/2023,231292-78184-UV,R-A-1,6,Customer543,customer543@example.com,DE,Blend,Medium,Small,7.07,42.42
F63AA02F,08/11/2021,115145-55023-BB,A-E-1,1,Customer915,customer915@example.com,FR,Blend,Dark,Small,6.43,6.43
CB9825B8,04/08/2022,217580-45906-BY,A-M-1,3,Customer144,customer144@example.com,UK,Arabica,Dark,Small,12.15,36.45
F38DE289,26/01/2022,421827-72449-BY,M-A-1,4,Customer488,customer488@example.com,ES,Arabica,Medium,Small,15.24,60.96
F875AE0A,18/05/2020,478214-94272-OM,E-D-2.5,5,Customer524,customer524@example.com,ES,Robusta,Medium,Large,10.24,51.2
2D64BC94,27/01/2021,921348-39311-UZ,M-E-2.5,5,Customer835,customer835@example.com,DE,Robusta,Medium,Small,9.99,49.95
7FAE1210,27/10/2019,603340-70428-UZ,A-L-2.5,6,Customer156,customer156@example.com,US,Blend,Light,Small,13.11,78.66
CEA84414,27/08/2023,143467-27143-ZN,M-M-1,2,Customer517,customer517@example.com,ES,Robusta,Dark,Small,19.1,38.2
FDE929D4,02/05/2019,570652-78121-PE,E-E-2.5,5,Customer7,customer7@example.com,US,Arabica,Light,Medium,19.68,98.4
BE7ACCE8,11/10/2022,137860-77741-QJ,D-D-0.5,3,Customer67,customer67@example.com,ES,Robusta,Medium,Medium,14.64,43.92
0367D108,26/03/2020,440047-46964-CU,A-E-0.5,1,Customer630,customer630@example.com,UK,Robusta,Medium,Medium,13.75,13.75
CB6FD9DE,07/01/2023,485885-59966-BB,R-A-0.5,1,Customer124,customer124@example.com,PL,Arabica,Medium,Large,11.2,11.2
280A6225,04/07/2022,615819-32130-HW,R-A-2.5,2,Customer577,customer577@example.com,DE,Blend,Light,Medium,11.67,23.34
A51C6B72,22/02/2022,341415-84745-UZ,R-M-0.5,3,Customer663,customer663@example.com,DE,Robusta,Light,Small,19.52,58.56
656A3945,14/08/2019,290537-91875-RB,D-R-1,3,Customer209,customer209@example.com,UK,Blend,Light,Medium,15.62,46.86
5947E83F,11/10/2023,538154-96983-ST,M-R-2.5,2,Customer546,customer546@example.com,FR,Robusta,Medium,Large,7.3,14.6
4A0384E1,14/03/2020,822251-98945-RB,L-E-2.5,4,Customer391,customer391@example.com,US,Blend,Light,Small,8.42,33.68
A860DC3B,17/10/2019,821426-25499-NC,E-L-2.5,1,Customer629,customer629@example.com,PL,Robusta,Light,Medium,10.15,10.15
ABA7A0B5,30/05/2022,997048-37617-NC,M-D-2.5,6,Customer586,customer586@example.com,DE,Robusta,Dark,Small,14.51,87.06
D4B7048E,05/07/2020,888782-75399-FR,D-R-0.5,3,Customer877,customer877@example.com,IT,Blend,Medium,Large,11.67,35.01
E1D761A9,03/02/2019,202557-15362-ZC,D-M-2.5,4,Customer78,customer78@example.com,DE,Blend,Light,Large,17.56,70.24
DE0F14BB,30/03/2022,948689-54779-PX,R-L-0.5,2,Customer267,customer267@example.com,US,Arabica,Medium,Large,18.09,36.18
E1313871,23/04/2021,666258-21189-EO,R-E-1,3,Customer23,customer23@example.com,US,Blend,Light,Small,9.53,28.589999999999996
F7EB7FA3,16/06/2019,368800-43006-JQ,R-M-2.5,1,Customer307,customer307@example.com,PL,Arabica,Dark,Small,8.55,8.55
9EFD94C2,10/04/2021,980779-10003-QU,E-M-2.5,5,Customer888,customer888@example.com,UK,Blend,Dark,Medium,5.24,26.200000000000003
8865E265,13/04/2019,738660-69587-OM,A-R-2.5,4,Customer42,customer42@example.com,IT,Arabica,Light,Small,6.9,27.6
53BD32E3,09/01/2020,570670-91018-QU,R-R-0.5,6,Customer547,customer547@example.com,US,Arabica,Light,Large,9.31,55.86
FF06314B,31/12/2021,503249-47127-OM,D-M-1,4,Customer344,customer344@example.com,DE,Arabica,Dark,Small,9.27,37.08
BEA7576A,29/03/2021,136291-86233-NC,D-A-0.5,4,Customer902,customer902@example.com,UK,Arabica,Dark,Large,17.47,69.88
42C811CE,15/10/2022,257670-65537-RG,D-L-0.5,3,Customer944,customer944@example.com,PL,Arabica,Dark,Large,6.87,20.61
C6014997,10/05/2019,590217-35091-OM,L-R-0.5,5,Customer353,customer353@example.com,PL,Arabica,Medium,Medium,5.85,29.25
0CC582D4,16/10/2020,640402-46282-JQ,M-L-2.5,4,Customer697,customer697@example.com,US,Arabica,Dark,Medium,19.83,79.32
134ACB66,09/12/2022,434538-60328-UZ,A-M-1,2,Customer261,customer261@example.com,IT,Arabica,Medium,Small,18.83,37.66
3C640B6A,20/04/2023,598181-53146-FR,D-A-1,3,Customer441,customer441@example.com,ES,Blend,Medium,Small,11.19,33.57
1B8B3C25,20/08/2020,167706-37894-NC,D-E-1,6,Customer600,customer600@example.com,DE,Arabica,Dark,Small,6.88,41.28
8F4BED43,16/06/2020,844039-96827-EO,E-L-2.5,5,Customer431,customer431@example.com,DE,Blend,Medium,Medium,17.76,88.80000000000001
0C4B0798,06/02/2020,470017-25558-UA,E-A-2.5,5,Customer853,customer853@example.com,ES,Arabica,Medium,Small,9.92,49.6
2215A802,27/09/2023,671830-30107-BB,D-L-1,2,Customer108,customer108@example.com,UK,Blend,Dark,Medium,14.68,29.36
4211F785,07/05/2021,948899-22311-PE,D-R-1,2,Customer649,customer649@example.com,FR,Blend,Dark,Large,17.93,35.86
62FC599A,08/07/2019,932943-58755-UV,R-L-1,6,Customer225,customer225@example.com,PL,Blend,Medium,Small,9.7,58.199999999999996
C8874783,25/01/2020,556065-24575-DT,R-E-1,6,Customer552,customer552@example.com,IT,Robusta,Dark,Medium,16.46,98.76
7749B5FD,07/12/2022,599542-38005-CU,R-R-1,5,Customer436,customer436@example.com,ES,Arabica,Light,Large,6.75,33.75
B75EDFD5,14/02/2022,220617-44648-HI,A-D-0.5,5,Customer538,customer538@example.com,DE,Robusta,Medium,Large,18.23,91.15
627EB2FA,11/02/2021,919535-28094-RG,L-D-1,2,Customer129,customer129@example.com,UK,Robusta,Light,Medium,10.08,20.16
4D39132A,29/12/2022,457108-88509-HI,M-E-2.5,2,Customer675,customer675@example.com,ES,Robusta,Medium,Small,10.75,21.5
96FAE700,09/05/2023,758807-73111-UA,M-R-2.5,4,Customer571,customer571@example.com,FR,Arabica,Dark,Medium,11.93,47.72
CF7A198E,04/02/2019,785194-42400-CU,E-D-1,1,Customer293,customer293@example.com,UK,Blend,Medium,Small,5.96,5.96
02E2C7A5,08/01/2023,829708-49048-OU,R-A-1,3,Customer766,customer766@example.com,ES,Robusta,Medium,Large,10.43,31.29
A9458503,07/09/2021,889729-64111-OB,M-L-1,3,Customer283,customer283@example.com,DE,Arabica,Dark,Large,9.06,27.18
B823C635,12/05/2023,622549-77471-QJ,L-E-1,4,Customer622,customer622@example.com,FR,Arabica,Dark,Large,5.13,20.52
4A8CDFAD,19/04/2021,847561-70545-QO,R-R-0.5,5,Customer190,customer190@example.com,FR,Arabica,Dark,Small,7.96,39.8
EBEBC0F2,29/06/2023,174112-45858-UZ,L-E-2.5,3,Customer718,customer718@example.com,FR,Blend,Light,Medium,15.42,46.26
FC8622B0,18/11/2019,638651-86782-BB,E-A-2.5,3,Customer969,customer969@example.com,ES,Robusta,Medium,Small,17.22,51.66
167E158E,21/03/2020,617062-72725-UA,D-M-2.5,5,Customer778,customer778@example.com,US,Arabica,Medium,Large,19.35,96.75
DA5254FA,26/04/2022,780638-15405-RG,R-A-0.5,3,Customer102,customer102@example.com,FR,Robusta,Medium,Large,8.31,24.93
6AD16F29,22/01/2020,395419-64347-HW,D-R-1,1,Customer630,customer630@example.com,IT,Blend,Dark,Large,9.51,9.51
935E2C65,18/12/2022,619850-56946-PE,D-D-0.5,6,Customer420,customer420@example.com,IT,Robusta,Dark,Large,15.72,94.32000000000001
EA12968C,11/02/2019,928928-89854-OM,R-M-1,2,Customer6,customer6@example.com,PL,Robusta,Dark,Medium,15.78,31.56
F085B302,19/11/2021,993795-84888-ST,M-M-0.5,2,Customer372,customer372@example.com,PL,Arabica,Light,Large,11.96,23.92
0BAA431F,16/11/2020,995379-51338-QO,R-M-1,5,Customer865,customer865@example.com,US,Blend,Dark,Medium,9.02,45.099999999999994
50C8C2C5,24/05/2022,294332-84148-QU,E-L-1,1,Customer952,customer952@example.com,DE,Arabica,Light,Medium,10.09,10.09
ED2CAFAB,03/03/2023,313814-46033-ZN,L-E-0.5,3,Customer885,customer885@example.com,PL,Arabica,Dark,Large,18.4,55.199999999999996
B0F8E757,17/05/2023,965943-68867-RB,D-M-1,1,Customer696,customer696@example.com,ES,Blend,Light,Medium,15.8,15.8
0BBCDA71,10/02/2021,671874-52467-IQ,D-E-1,1,Customer559,customer559@example.com,FR,Arabica,Light,Small,19.62,19.62
D3552ECC,05/01/2022,676447-93025-OB,M-E-1,1,Customer333,customer333@example.com,DE,Arabica,Medium,Small,15.95,15.95
506F51AA,02/12/2021,688014-98465-IQ,E-L-2.5,2,Customer898,customer898@example.com,IT,Arabica,Dark,Medium,16.5,33.0
C2E3497C,20/10/2021,756966-34812-OB,A-E-0.5,1,Customer346,customer346@example.com,FR,Arabica,Light,Large,8.53,8.53
CF999135,04/12/2021,250375-32646-RG,R-L-0.5,5,Customer357,customer357@example.com,US,Blend,Medium,Small,16.71,83.55000000000001
4F91920E,16/02/2019,335609-94607-UA,R-E-0.5,6,Customer216,customer216@example.com,PL,Blend,Dark,Medium,5.79,34.74
20556358,28/09/2023,823026-88978-QU,E-R-1,3,Customer158,customer158@example.com,FR,Blend,Dark,Large,19.62,58.86
8BFC65D1,18/10/2023,804254-29771-ZC,R-E-2.5,4,Customer272,customer272@example.com,FR,Arabica,Medium,Medium,9.87,39.48
F2CC0065,02/01/2019,563127-76950-CU,D-M-2.5,4,Customer738,customer738@example.com,IT,Arabica,Dark,Small,8.87,35.48
14538A61,30/05/2022,290062-67140-OB,E-A-1,2,Customer847,customer847@example.com,US,Robusta,Light,Large,7.95,15.9
9E875189,02/03/2020,963569-11436-HI,A-A-2.5,1,Customer479,customer479@example.com,US,Arabica,Dark,Medium,9.77,9.77
10C1874E,27/08/2023,843472-26283-DT,R-L-2.5,6,Customer43,customer43@example.com,US,Blend,Dark,Medium,6.18,37.08
B3892055,06/04/2022,905351-51149-UV,M-D-2.5,2,Customer653,customer653@example.com,IT,Arabica,Medium,Medium,15.49,30.98
7A65E03A,21/08/2022,601357-62156-IQ,E-A-0.5,3,Customer120,customer120@example.com,UK,Arabica,Dark,Small,8.33,24.990000000000002
AD57523F,16/06/2019,470391-43898-NC,L-A-2.5,5,Customer361,customer361@example.com,IT,Blend,Dark,Medium,7.94,39.7
2D23DEC2,25/05/2019,709128-10649-DT,D-L-0.5,6,Customer734,customer734@example.com,PL,Blend,Light,Medium,12.59,75.53999999999999
A7AFCC09,09/08/2019,959096-62628-BQ,M-D-2.5,5,Customer788,customer788@example.com,FR,Arabica,Medium,Medium,16.95,84.75
5739C2E0,21/08/2019,164636-44429-OB,D-R-1,6,Customer462,customer462@example.com,FR,Arabica,Medium,Medium,5.39,32.339999999999996
1828D32F,03/03/2021,649015-69674-UA,L-R-2.5,4,Customer16,customer16@example.com,PL,Arabica,Dark,Small,14.16,56.64
2B90E11C,27/07/2023,929093-47265-QJ,E-L-0.5,4,Customer71,customer71@example.com,UK,Blend,Dark,Medium,16.15,64.6
B6052D1A,22/05/2021,910581-67217-JQ,E-M-1,1,Customer908,customer908@example.com,UK,Blend,Dark,Large,12.41,12.41
006045E8,18/10/2023,927449-13354-EO,M-E-2.5,4,Customer489,customer489@example.com,UK,Blend,Dark,Medium,17.17,68.68
65DA84B5,06/03/2021,900292-44647-QU,E-E-2.5,3,Customer940,customer940@example.com,US,Arabica,Medium,Medium,13.7,41.099999999999994
516D716D,08/12/2019,676547-29809-HI,D-M-0.5,6,Customer65,customer65@example.com,FR,Arabica,Dark,Small,13.87,83.22
A5E9327A,14/06/2019,696556-96291-QJ,R-A-1,4,Customer76,customer76@example.com,PL,Robusta,Light,Large,6.29,25.16
D37CC01A,01/07/2023,385338-40027-RB,M-A-1,2,Customer18,customer18@example.com,US,Robusta,Light,Small,15.52,31.04
75C75C85,20/10/2019,233230-57349-OB,E-R-0.5,4,Customer890,customer890@example.com,IT,Arabica,Light,Large,8.45,33.8
CE44130A,01/01/2020,241750-77512-OB,R-E-0.5,5,Customer791,customer791@example.com,ES,Robusta,Dark,Small,17.41,87.05
E8FA8C7E,24/11/2019,415331-47860-UV,M-L-2.5,6,Customer656,customer656@example.com,ES,Arabica,Light,Medium,17.03,102.18
78FE7EA2,03/08/2023,634702-26671-QJ,M-D-2.5,3,Customer813,customer813@example.com,PL,Robusta,Medium,Medium,18.75,56.25
55472B99,04/01/2023,911481-37766-UV,D-L-0.5,3,Customer32,customer32@example.com,DE,Arabica,Light,Large,18.81,56.42999999999999
D275B3F6,25/07/2022,405779-73984-BB,M-E-1,3,Customer944,customer944@example.com,ES,Blend,Light,Large,17.53,52.59
9D1E2A1F,07/03/2019,823092-22049-CB,R-E-1,3,Customer559,customer559@example.com,UK,Blend,Light,Medium,15.14,45.42
7777668E,29/11/2023,779429-10644-ZC,A-M-1,4,Customer496,customer496@example.com,US,Robusta,Dark,Large,17.36,69.44
C5712EFE,30/09/2019,182033-26820-ZN,R-A-2.5,4,Customer155,customer155@example.com,ES,Robusta,Dark,Large,9.04,36.16
3EE9F097,21/07/2023,446676-80085-NC,A-D-1,2,Customer480,customer480@example.com,FR,Blend,Light,Medium,7.81,15.62
7565EA23,27/01/2021,665650-52900-UZ,A-M-2.5,1,Customer754,customer754@example.com,US,Robusta,Medium,Medium,14.1,14.1
EF9E1643,21/07/2020,778319-18570-PX,D-M-1,6,Customer179,customer179@example.com,FR,Arabica,Medium,Large,10.46,62.760000000000005
F2F22E3B,04/11/2019,399453-97013-CB,R-L-1,1,Customer113,customer113@example.com,FR,Arabica,Medium,Large,10.56,10.56
C7213512,17/07/2021,935097-47191-JQ,L-A-0.5,5,Customer242,customer242@example.com,US,Blend,Light,Large,7.87,39.35
42EDA28A,21/04/2021,602293-82731-ST,M-A-2.5,3,Customer14,customer14@example.com,IT,Arabica,Dark,Small,17.89,53.67
03101337,13/02/2021,683153-88301-HI,A-R-1,3,Customer341,customer341@example.com,ES,Arabica,Light,Large,19.32,57.96
A2AF38E9,02/10/2019,842881-51309-HW,E-R-0.5,4,Customer253,customer253@example.com,PL,Arabica,Medium,Small,9.16,36.64
526F4063,23/02/2021,681787-14931-UA,L-L-2.5,2,Customer565,customer565@example.com,IT,Robusta,Light,Small,18.66,37.32
F324B20C,21/07/2019,413756-88123-QO,D-E-1,2,Customer615,customer615@example.com,DE,Arabica,Medium,Small,11.9,23.8
F5449E24,04/09/2020,903022-62185-CB,M-M-2.5,1,Customer735,customer735@example.com,US,Robusta,Medium,Small,13.83,13.83
3470811C,14/08/2022,424793-60621-CU,L-M-2.5,2,Customer130,customer130@example.com,FR,Robusta,Dark,Medium,15.26,30.52
401A1F3F,02/01/2023,976106-92215-EO,L-R-2.5,2,Customer725,customer725@example.com,UK,Blend,Medium,Large,18.87,37.74
173AB5B2,17/03/2023,726117-30589-CU,M-A-2.5,3,Customer869,customer869@example.com,US,Robusta,Dark,Small,11.18,33.54
4E0FBED7,01/11/2023,347599-12225-EO,R-L-0.5,2,Customer870,customer870@example.com,PL,Arabica,Dark,Small,18.79,37.58
5B2A95C0,29/09/2021,983379-72380-DT,A-D-0.5,3,Customer550,customer550@example.com,UK,Blend,Light,Large,9.76,29.28
EF9AABB5,24/10/2022,587304-92897-RB,D-D-1,2,Customer825,customer825@example.com,ES,Blend,Dark,Large,14.95,29.9
73612FF0,05/11/2020,607647-79004-ZN,L-R-2.5,6,Customer57,customer57@example.com,PL,Blend,Medium,Large,12.25,73.5
A52B5967,07/07/2022,968219-19154-BY,L-R-0.5,3,Customer577,customer577@example.com,US,Robusta,Dark,Small,18.38,55.14
997B882F,29/04/2020,474097-74388-UZ,E-D-0.5,2,Customer711,customer711@example.com,IT,Arabica,Light,Small,19.37,38.74
A7A49070,20/11/2019,587422-23454-ZC,M-E-2.5,5,Customer212,customer212@example.com,IT,Arabica,Dark,Large,5.75,28.75
DEEEC5E5,19/03/2019,265791-80125-NC,M-M-2.5,5,Customer422,customer422@example.com,ES,Robusta,Light,Medium,13.17,65.85
0AB59D1E,07/07/2020,225963-50611-DT,M-M-0.5,4,Customer674,customer674@example.com,ES,Blend,Dark,Medium,14.47,57.88
AFBF1579,09/10/2021,255031-54930-QJ,A-D-2.5,1,Customer801,customer801@example.com,DE,Robusta,Medium,Medium,7.71,7.71
26CFA4A4,07/12/2022,449227-38186-HW,E-R-0.5,5,Customer137,customer137@example.com,UK,Arabica,Dark,Small,7.7,38.5
A72DDABA,14/10/2022,308217-80935-QO,A-A-1,2,Customer578,customer578@example.com,IT,Arabica,Medium,Large,11.12,22.24
2C4C1170,30/09/2022,839140-58647-PE,L-M-1,4,Customer400,customer400@example.com,UK,Robusta,Light,Large,5.09,20.36
EB20CE25,05/11/2019,725481-98141-FR,R-A-0.5,3,Customer895,customer895@example.com,FR,Arabica,Light,Large,17.54,52.62
AC63C588,05/07/2023,616001-45570-QO,E-M-1,1,Customer349,customer349@example.com,ES,Robusta,Dark,Medium,8.72,8.72
0EF4C798,05/05/2022,281161-82002-ZN,L-M-1,4,Customer154,customer154@example.com,PL,Blend,Medium,Medium,7.66,30.64
E8AECA94,23/12/2021,885878-14155-HI,M-D-1,6,Customer229,customer229@example.com,DE,Blend,Dark,Medium,18.43,110.58
5760960C,10/05/2019,282537-91322-OB,E-M-0.5,5,Customer646,customer646@example.com,US,Blend,Medium,Large,11.26,56.3
689FB2E8,23/07/2022,947790-29894-IQ,A-L-1,1,Customer12,customer12@example.com,PL,Arabica,Dark,Large,12.9,12.9
29213CE7,02/11/2023,253830-18429-HI,E-L-1,2,Customer482,customer482@example.com,DE,Robusta,Light,Medium,11.74,23.48
A20DA05E,04/04/2023,608999-21449-BY,E-L-1,3,Customer197,customer197@example.com,DE,Arabica,Dark,Medium,5.14,15.419999999999998
B58FD40E,01/12/2021,331244-84622-EO,E-A-1,5,Customer45,customer45@example.com,UK,Arabica,Dark,Small,19.06,95.3
084DD261,28/09/2021,948478-38935-PX,M-R-2.5,1,Customer319,customer319@example.com,UK,Arabica,Dark,Large,9.82,9.82
4DA4AEAB,26/10/2019,813743-57801-HW,R-L-0.5,6,Customer625,customer625@example.com,IT,Robusta,Dark,Large,19.26,115.56
F7ABA05F,17/02/2022,767619-61987-QJ,L-R-0.5,6,Customer387,customer387@example.com,DE,Arabica,Dark,Medium,13.97,83.82000000000001
6F67E23B,18/06/2020,907624-69898-HI,A-R-0.5,3,Customer796,customer796@example.com,PL,Blend,Dark,Small,13.04,39.12
1799C15E,06/03/2020,685463-89567-IC,D-A-1,3,Customer433,customer433@example.com,US,Robusta,Light,Large,19.38,58.14
87D64B22,24/05/2023,614331-61725-NC,E-M-0.5,1,Customer820,customer820@example.com,UK,Robusta,Medium,Small,9.13,9.13
06B82024,26/10/2021,625071-35695-RB,M-M-0.5,1,Customer977,customer977@example.com,UK,Robusta,Light,Medium,18.91,18.91
F4AD374E,16/07/2020,760706-54718-CB,E-E-1,2,Customer299,customer299@example.com,IT,Blend,Dark,Large,13.2,26.4
F8594B6C,18/04/2021,895749-32206-DT,E-R-0.5,5,Customer859,customer859@example.com,ES,Blend,Medium,Large,14.13,70.65
89153488,01/01/2019,137828-85052-RB,E-L-0.5,2,Customer365,customer365@example.com,US,Robusta,Light,Large,11.85,23.7
18392EE8,22/02/2022,230853-62826-UA,E-R-1,3,Customer106,customer106@example.com,FR,Blend,Dark,Small,13.77,41.31
80C74251,13/06/2021,638371-57569-CB,E-A-1,5,Customer816,customer816@example.com,DE,Blend,Medium,Large,10.59,52.95
C2F2459A,06/09/2021,562948-80090-IQ,R-L-1,4,Customer628,customer628@example.com,DE,Robusta,Medium,Small,17.17,68.68
0FBF146C,08/04/2021,816764-66497-IQ,E-E-2.5,6,Customer432,customer432@example.com,UK,Arabica,Medium,Small,12.9,77.4
39782A94,17/10/2023,631846-25373-CB,D-E-0.5,5,Customer780,customer780@example.com,ES,Arabica,Dark,Small,15.91,79.55
2AAB3B9E,02/06/2023,191370-84217-QJ,M-E-0.5,2,Customer55,customer55@example.com,FR,Blend,Light,Large,11.66,23.32
947DF070,30/06/2019,381767-44093-UZ,A-L-2.5,1,Customer462,customer462@example.com,FR,Robusta,Dark,Medium,10.2,10.2
0E32A068,09/03/2019,654039-52200-IC,A-E-2.5,1,Customer720,customer720@example.com,ES,Blend,Medium,Medium,18.14,18.14
ED93317C,18/11/2020,561003-62175-BY,L-D-1,2,Customer652,customer652@example.com,PL,Blend,Medium,Medium,15.27,30.54
217C3431,04/11/2022,422780-80969-PX,R-L-1,5,Customer225,customer225@example.com,FR,Robusta,Light,Small,16.87,84.35000000000001
B3221E67,08/10/2020,936282-25554-OU,M-R-1,1,Customer62,customer62@example.com,US,Blend,Medium,Small,8.72,8.72
802D694B,19/08/2020,632838-17869-BB,D-D-0.5,5,Customer561,customer561@example.com,PL,Robusta,Medium,Small,15.65,78.25
2E06ACE2,03/01/2020,381256-89124-QJ,A-L-0.5,5,Customer844,customer844@example.com,ES,Blend,Medium,Medium,5.4,27.0
764FB2F8,08/11/2020,679069-64185-QU,A-L-1,1,Customer922,customer922@example.com,FR,Arabica,Dark,Medium,19.42,19.42
D2EECC78,13/09/2022,578508-61894-ZN,R-L-2.5,2,Customer67,customer67@example.com,PL,Arabica,Dark,Large,17.79,35.58
66A7534E,18/01/2021,472392-89698-DT,L-A-2.5,4,Customer17,customer17@example.com,PL,Arabica,Light,Medium,15.53,62.12
4B0DE60E,14/07/2022,514628-69253-RG,A-E-2.5,1,Customer807,customer807@example.com,DE,Arabica,Dark,Large,18.87,18.87
C3897029,19/12/2023,400916-54033-IC,E-A-1,2,Customer617,customer617@example.com,IT,Arabica,Medium,Medium,12.51,25.02
965BDDFA,19/02/2021,933917-41962-ZC,A-E-0.5,5,Customer194,customer194@example.com,FR,Blend,Medium,Small,17.62,88.10000000000001
4C9553B4,01/05/2021,660082-70499-OM,D-R-2.5,1,Customer350,customer350@example.com,FR,Arabica,Light,Large,13.64,13.64
9744DBC2,05/03/2023,885268-87974-OM,A-A-1,5,Customer296,customer296@example.com,UK,Arabica,Light,Small,9.64,48.2
4D11D636,20/03/2020,435231-60644-JQ,A-A-2.5,6,Customer635,customer635@example.com,DE,Blend,Dark,Medium,5.17,31.02
D511412E,13/06/2021,565604-64585-CB,E-M-0.5,3,Customer322,customer322@example.com,DE,Robusta,Dark,Medium,18.32,54.96
EE6243B0,19/05/2021,291839-89576-QJ,L-R-1,5,Customer658,customer658@example.com,IT,Arabica,Light,Small,6.77,33.849999999999994
6B410471,24/07/2021,680894-49019-QU,E-A-1,6,Customer946,customer946@example.com,DE,Arabica,Medium,Medium,16.71,100.26
C629E73F,06/06/2020,621140-58592-QO,A-E-0.5,3,Customer891,customer891@example.com,ES,Robusta,Medium,Small,7.58,22.740000000000002
71D943F4,04/11/2021,623180-80763-BB,A-M-0.5,5,Customer148,customer148@example.com,FR,Robusta,Medium,Large,9.37,46.849999999999994
80FB1635,20/06/2020,596003-11217-HW,R-D-1,1,Customer864,customer864@example.com,UK,Blend,Medium,Medium,8.64,8.64
3CA77B7D,04/12/2021,203827-63260-DT,R-R-1,3,Customer300,customer300@example.com,PL,Blend,Dark,Small,16.03,48.09
67B8CA65,15/10/2020,598502-68976-ZN,R-A-1,2,Customer374,customer374@example.com,US,Blend,Dark,Large,16.49,32.98
CFA3ED12,23/07/2021,761185-83560-OM,E-M-0.5,4,Customer155,customer155@example.com,ES,Arabica,Medium,Large,6.99,27.96
1BC33A2E,03/10/2019,107660-22653-BB,E-D-1,4,Customer970,customer970@example.com,FR,Blend,Medium,Small,16.81,67.24
54EBC64D,01/06/2020,442168-50906-NC,A-E-1,6,Customer273,customer273@example.com,PL,Arabica,Light,Large,16.61,99.66
0DD7CD08,04/08/2023,618037-86482-UV,A-A-1,3,Customer249,customer249@example.com,ES,Blend,Medium,Large,19.4,58.199999999999996
35FDEECA,08/01/2023,537884-99995-QO,A-L-2.5,6,Customer800,customer800@example.com,US,Arabica,Light,Medium,13.99,83.94
BC4FCD0D,04/02/2019,556059-64849-RG,R-D-0.5,1,Customer790,customer790@example.com,ES,Arabica,Medium,Large,17.07,17.07
3E2F6C8C,29/01/2021,366817-11276-QJ,D-M-2.5,6,Customer475,customer475@example.com,DE,Robusta,Dark,Small,18.19,109.14000000000001
761A7B6E,01/02/2020,626527-31050-BQ,E-L-0.5,6,Customer894,customer894@example.com,UK,Blend,Dark,Medium,18.65,111.89999999999999
5554623A,26/09/2019,404599-69927-HI,M-L-1,2,Customer635,customer635@example.com,ES,Blend,Light,Medium,11.74,23.48
A8A80714,11/05/2020,902810-66918-PX,A-E-2.5,5,Customer773,customer773@example.com,UK,Blend,Dark,Medium,9.4,47.0
2DACAD0B,04/10/2021,732779-91826-ZC,L-R-2.5,5,Customer874,customer874@example.com,PL,Robusta,Light,Large,15.03,75.14999999999999
DC521A65,21/12/2020,504198-14054-JQ,E-A-0.5,1,Customer256,customer256@example.com,DE,Blend,Dark,Large,8.89,8.89
E56A4B9B,27/07/2019,816642-55917-HI,L-L-1,2,Customer713,customer713@example.com,DE,Arabica,Dark,Medium,13.91,27.82
FEC6D37D,18/04/2023,963913-20344-ZC,L-E-2.5,5,Customer534,customer534@example.com,US,Blend,Dark,Large,7.49,37.45
8BD5341D,23/10/2019,728807-81642-ZC,D-A-2.5,1,Customer302,customer302@example.com,DE,Arabica,Medium,Small,18.93,18.93
DBF248A9,21/12/2021,403396-16337-QJ,E-R-1,6,Customer776,customer776@example.com,ES,Arabica,Dark,Small,11.46,68.76
5DFF8F30,15/01/2022,254792-67057-OB,L-R-1,6,Customer266,customer266@example.com,PL,Robusta,Dark,Large,5.96,35.76
251394BD,27/08/2019,817925-55925-QJ,D-E-1,4,Customer959,customer959@example.com,FR,Arabica,Dark,Large,15.45,61.8
387FA2E0,29/11/2020,620000-42003-EO,D-L-1,5,Customer150,customer150@example.com,IT,Blend,Dark,Large,16.72,83.6
F89B5846,31/08/2020,504995-73938-JQ,L-D-2.5,6,Customer670,customer670@example.com,UK,Robusta,Dark,Medium,11.28,67.67999999999999
C5B8ABA6,08/11/2023,853832-73968-BY,M-E-0.5,1,Customer461,customer461@example.com,UK,Blend,Medium,Medium,19.08,19.08
F14A14A1,02/04/2020,315172-86301-OB,M-A-0.5,4,Customer154,customer154@example.com,UK,Arabica,Light,Medium,8.88,35.52
51F80111,05/06/2021,114773-43653-EO,M-M-2.5,2,Customer176,customer176@example.com,IT,Blend,Medium,Large,10.37,20.74
6B26900D,30/12/2022,864997-28972-JQ,A-D-1,4,Customer314,customer314@example.com,DE,Arabica,Dark,Small,15.04,60.16
26423BFB,04/07/2020,463672-28891-ZC,R-L-0.5,4,Customer470,customer470@example.com,DE,Robusta,Dark,Large,16.5,66.0
CD530F31,04/08/2019,730179-33345-BB,M-M-0.5,5,Customer41,customer41@example.com,DE,Blend,Dark,Large,11.84,59.2
FFE7C17A,03/06/2021,428133-45295-CU,D-E-0.5,2,Customer237,customer237@example.com,DE,Blend,Light,Large,19.32,38.64
409E0657,01/09/2021,944051-38009-RG,E-A-2.5,1,Customer138,customer138@example.com,FR,Arabica,Medium,Medium,11.39,11.39
F029D954,04/10/2023,664968-31924-NC,R-L-0.5,6,Customer772,customer772@example.com,PL,Robusta,Light,Large,19.57,117.42
EA88F7CB,11/02/2021,815101-24703-OB,D-L-2.5,4,Customer669,customer669@example.com,DE,Blend,Light,Medium,5.14,20.56
3CF922FC,03/03/2019,123213-82896-UV,D-M-0.5,4,Customer928,customer928@example.com,PL,Arabica,Dark,Large,8.31,33.24
DF61B583,05/03/2019,261989-89133-ST,L-A-2.5,2,Customer440,customer440@example.com,US,Arabica,Medium,Medium,13.85,27.7
458FD4B4,24/04/2021,315369-85725-EO,D-M-2.5,1,Customer119,customer119@example.com,ES,Blend,Dark,Large,7.28,7.28
8F6AF1FA,07/06/2022,259555-70205-ZC,E-D-0.5,3,Customer651,customer651@example.com,FR,Blend,Medium,Small,17.93,53.79
D5DD1F35,21/12/2021,939769-94037-PE,M-E-2.5,2,Customer526,customer526@example.com,UK,Arabica,Light,Small,9.59,19.18
0F8824BD,26/06/2022,658536-48459-RG,D-L-2.5,3,Customer939,customer939@example.com,IT,Blend,Dark,Small,7.4,22.200000000000003
114B1A2F,21/04/2021,933387-71149-BY,R-A-2.5,5,Customer570,customer570@example.com,FR,Robusta,Dark,Large,6.06,30.299999999999997
F657829B,11/07/2022,682818-46461-OU,D-M-0.5,4,Customer344,customer344@example.com,IT,Robusta,Light,Small,14.87,59.48
8C435E44,15/01/2021,383314-85724-IC,D-M-2.5,6,Customer400,customer400@example.com,US,Robusta,Dark,Large,7.45,44.7
D880DD8E,27/10/2022,134029-38372-QJ,D-A-1,6,Customer637,customer637@example.com,PL,Arabica,Dark,Small,9.5,57.0
E56021B5,23/02/2020,945276-22418-UV,R-E-1,1,Customer128,customer128@example.com,DE,Blend,Medium,Large,8.29,8.29
F3BE2298,21/02/2020,843264-69961-FR,R-R-2.5,2,Customer396,customer396@example.com,UK,Arabica,Light,Small,7.89,15.78
D94093E3,03/01/2022,835235-97753-QU,R-D-2.5,6,Customer662,customer662@example.com,ES,Blend,Dark,Large,12.44,74.64
1570AE3E,21/09/2021,180874-15435-UV,R-D-0.5,6,Customer974,customer974@example.com,FR,Robusta,Medium,Small,10.89,65.34
0611B5A4,24/04/2019,737288-57413-CU,R-L-0.5,4,Customer964,customer964@example.com,IT,Arabica,Dark,Small,15.34,61.36
9976CECB,31/01/2022,438922-19589-DT,D-E-1,1,Customer298,customer298@example.com,UK,Blend,Medium,Medium,6.2,6.2
1B79F57A,26/06/2022,445178-12020-ST,A-D-2.5,2,Customer283,customer283@example.com,PL,Arabica,Medium,Small,13.38,26.76
F32E0E93,18/06/2021,617851-84693-UV,M-E-0.5,4,Customer468,customer468@example.com,UK,Arabica,Medium,Small,16.82,67.28
348AAB9D,07/07/2020,828769-10940-FR,L-A-0.5,4,Customer40,customer40@example.com,DE,Arabica,Medium,Small,11.2,44.8
D08046ED,25/05/2019,282982-15964-UV,L-M-1,5,Customer550,customer550@example.com,UK,Robusta,Medium,Medium,11.95,59.75
03EC24AF,06/10/2020,466752-81052-OU,M-E-2.5,2,Customer963,customer963@example.com,IT,Arabica,Medium,Medium,12.25,24.5
0DD7AFE1,17/02/2020,617809-77530-ZN,E-E-1,4,Customer8,customer8@example.com,PL,Robusta,Light,Medium,9.13,36.52
E6BB3A2A,22/12/2022,926997-59693-EO,L-R-1,5,Customer91,customer91@example.com,IT,Blend,Medium,Small,13.03,65.14999999999999
3186C3E5,04/06/2020,286029-87272-BB,D-M-0.5,1,Customer899,customer899@example.com,UK,Arabica,Dark,Large,19.46,19.46
81D55F9E,31/05/2021,279799-69766-RB,M-R-1,6,Customer61,customer61@example.com,US,Arabica,Medium,Small,11.91,71.46000000000001
13C88C9A,09/03/2022,871283-42496-QJ,D-R-2.5,2,Customer844,customer844@example.com,PL,Blend,Light,Small,6.69,13.38
C59FBD4E,11/07/2020,518861-68839-RB,E-E-2.5,2,Customer119,customer119@example.com,IT,Arabica,Medium,Medium,7.4,14.8
8F320D9B,27/12/2023,586527-37539-QJ,R-E-2.5,2,Customer436,customer436@example.com,PL,Blend,Medium,Small,6.23,12.46
CF3389D4,01/01/2021,512148-28868-EO,R-E-2.5,2,Customer74,customer74@example.com,ES,Robusta,Dark,Large,5.51,11.02
2E076B4F,27/04/2022,434745-36083-QO,R-E-0.5,2,Customer856,customer856@example.com,IT,Arabica,Dark,Large,12.02,24.04
03A8CFA2,20/05/2019,373075-65351-DT,M-L-2.5,3,Customer725,customer725@example.com,PL,Arabica,Light,Small,15.06,45.18
592BE40E,21/12/2023,961945-16213-QU,R-R-1,1,Customer230,customer230@example.com,FR,Blend,Light,Large,13.09,13.09
1DA06CF9,04/04/2022,512933-80165-UZ,M-M-1,5,Customer509,customer509@example.com,PL,Blend,Light,Medium,11.06,55.300000000000004
3C9881D6,19/09/2020,825174-72414-JQ,A-A-1,6,Customer513,customer513@example.com,IT,Blend,Dark,Medium,5.85,35.099999999999994
695470E1,24/07/2022,684301-65156-BY,E-M-0.5,3,Customer698,customer698@example.com,IT,Arabica,Light,Medium,11.26,33.78
D9D1DBE4,07/12/2023,221334-92652-BY,A-M-1,5,Customer143,customer143@example.com,US,Robusta,Medium,Medium,7.48,37.400000000000006
0286B352,25/02/2020,833228-94648-OM,D-A-1,3,Customer495,customer495@example.com,DE,Arabica,Medium,Medium,14.44,43.32
4E6D7510,22/06/2023,552597-81212-ZN,M-A-2.5,6,Customer862,customer862@example.com,US,Blend,Medium,Large,10.48,62.88
7003296F,06/09/2020,325389-68611-PE,E-D-1,3,Customer560,customer560@example.com,UK,Arabica,Dark,Small,15.81,47.43
425E938D,21/06/2020,677723-99459-DT,D-M-1,1,Customer421,customer421@example.com,DE,Arabica,Dark,Large,9.79,9.79
A96B669A,07/06/2021,648490-28005-UZ,A-L-1,4,Customer444,customer444@example.com,PL,Blend,Medium,Medium,9.53,38.12
4775590E,07/11/2023,298966-42836-ZC,R-E-1,5,Customer70,customer70@example.com,US,Robusta,Dark,Medium,14.56,72.8
519B1671,14/02/2019,611794-32826-RB,D-L-0.5,1,Customer823,customer823@example.com,US,Blend,Dark,Large,18.97,18.97
1789A2BB,07/07/2021,833171-99481-UV,A-D-2.5,1,Customer36,customer36@example.com,DE,Robusta,Medium,Large,19.05,19.05
D2081F57,18/11/2019,755512-33946-HI,L-D-1,3,Customer566,customer566@example.com,IT,Blend,Light,Large,17.88,53.64
7BD59FBA,13/11/2023,814291-47762-QO,D-A-1,6,Customer996,customer996@example.com,US,Blend,Dark,Small,10.76,64.56
22162FA3,17/10/2019,710048-35448-BY,R-A-1,1,Customer275,customer275@example.com,UK,Blend,Light,Small,5.1,5.1
08D8EE0F,22/05/2019,803809-40239-CU,A-E-1,3,Customer439,customer439@example.com,IT,Arabica,Medium,Small,9.82,29.46
766ED021,26/10/2020,115328-36339-DT,A-L-0.5,4,Customer614,customer614@example.com,IT,Arabica,Light,Small,19.77,79.08
43FC8828,29/10/2020,238284-55371-RG,E-L-2.5,4,Customer148,customer148@example.com,DE,Blend,Medium,Medium,16.39,65.56
386BA476,03/01/2023,635684-13554-BB,L-R-1,5,Customer302,customer302@example.com,ES,Arabica,Dark,Large,19.75,98.75
1C13AC76,07/04/2023,785398-13026-PX,R-M-2.5,4,Customer821,customer821@example.com,FR,Blend,Light,Large,8.67,34.68
86466B61,02/10/2020,725011-25142-IC,A-D-0.5,6,Customer918,customer918@example.com,DE,Arabica,Light,Large,5.45,32.7
7C70F13D,23/03/2023,752523-94391-DT,L-R-2.5,1,Customer421,customer421@example.com,UK,Robusta,Medium,Large,19.74,19.74
AE1FB814,22/02/2021,445988-28129-BY,M-E-2.5,4,Customer545,customer545@example.com,FR,Blend,Light,Medium,14.79,59.16
D4864333,21/07/2020,472315-68150-JQ,A-R-2.5,2,Customer818,customer818@example.com,PL,Arabica,Dark,Small,5.82,11.64
E6075C2A,27/11/2019,712709-31066-ST,M-R-2.5,2,Customer980,customer980@example.com,UK,Arabica,Dark,Medium,5.88,11.76
32D3DC73,03/02/2021,845069-32350-UZ,A-D-1,2,Customer191,customer191@example.com,IT,Arabica,Dark,Small,12.01,24.02
3991A24D,16/02/2022,451742-18049-RG,M-L-0.5,1,Customer380,customer380@example.com,ES,Arabica,Dark,Small,6.63,6.63
468CEF0C,31/08/2022,952460-81071-UA,M-A-0.5,4,Customer529,customer529@example.com,IT,Arabica,Light,Small,13.69,54.76
DD97D4B0,14/02/2019,347489-48370-PE,A-L-1,2,Customer942,customer942@example.com,US,Robusta,Dark,Small,12.31,24.62
6FA66C26,12/06/2020,807259-35128-HI,L-M-2.5,6,Customer437,customer437@example.com,UK,Arabica,Medium,Medium,10.62,63.72
0F2CF0B1,01/02/2019,486057-38222-OU,R-E-1,5,Customer664,customer664@example.com,ES,Arabica,Medium,Medium,15.52,77.6
2D74BE5B,10/11/2023,128349-30418-OM,E-D-0.5,6,Customer446,customer446@example.com,UK,Arabica,Dark,Large,19.65,117.89999999999999
591E1C9D,13/04/2022,344307-16255-CB,M-A-0.5,2,Customer387,customer387@example.com,IT,Arabica,Dark,Large,16.44,32.88
47A76CFB,06/03/2022,939832-57486-UV,E-D-0.5,6,Customer212,customer212@example.com,IT,Blend,Medium,Large,17.48,104.88
3E3C10B6,24/09/2023,199392-46455-BQ,E-D-1,6,Customer103,customer103@example.com,US,Blend,Medium,Small,13.69,82.14
F6F72D40,27/05/2023,950569-99144-QU,L-R-0.5,5,Customer876,customer876@example.com,US,Robusta,Dark,Large,14.43,72.15
67550ADF,30/07/2022,938129-30103-ST,L-M-1,6,Customer293,customer293@example.com,FR,Arabica,Light,Medium,5.73,34.38
0D935A52,07/04/2020,891904-39935-PX,M-D-2.5,5,Customer592,customer592@example.com,ES,Arabica,Medium,Small,13.82,69.1
D493B0C4,01/04/2023,915597-23403-PE,E-E-1,6,Customer967,customer967@example.com,US,Robusta,Medium,Small,11.33,67.98
C06274B1,21/03/2021,332469-37136-IQ,M-M-0.5,2,Customer348,customer348@example.com,DE,Arabica,Light,Small,7.46,14.92
0102BF0F,17/03/2022,635754-27182-QU,L-E-1,1,Customer833,customer833@example.com,ES,Arabica,Light,Medium,19.72,19.72
63401EFA,19/11/2019,717118-76540-UZ,D-L-2.5,1,Customer633,customer633@example.com,DE,Blend,Medium,Small,16.79,16.79
637C7E0C,24/09/2023,982411-73833-ST,L-R-2.5,1,Customer891,customer891@example.com,US,Blend,Medium,Large,12.84,12.84
FAC60C2C,07/08/2020,886540-93774-UA,R-R-2.5,4,Customer399,customer399@example.com,ES,Arabica,Medium,Medium,12.78,51.12
2A799068,04/11/2023,646007-43887-DT,A-R-2.5,1,Customer692,customer692@example.com,DE,Arabica,Light,Small,11.28,11.28
D0A61B27,07/09/2022,594314-65519-IQ,A-R-0.5,4,Customer558,customer558@example.com,UK,Blend,Medium,Small,13.3,53.2
0A692C74,24/02/2019,823081-62695-BY,E-R-2.5,3,Customer32,customer32@example.com,DE,Robusta,Dark,Small,8.42,25.259999999999998
4BFBDEFA,18/02/2019,380952-40043-CB,R-L-1,1,Customer143,customer143@example.com,PL,Blend,Medium,Medium,11.35,11.35
91739CC8,18/12/2021,844123-13949-BQ,R-L-0.5,1,Customer13,customer13@example.com,ES,Robusta,Dark,Large,17.5,17.5
C7805953,12/08/2023,525629-72515-FR,L-M-1,5,Customer492,customer492@example.com,IT,Blend,Dark,Small,18.85,94.25
D8100009,23/10/2020,982958-59033-ZC,D-E-1,6,Customer643,customer643@example.com,FR,Blend,Dark,Large,6.46,38.76
F05B96B2,10/01/2022,397600-39175-OM,L-A-1,5,Customer625,customer625@example.com,US,Blend,Light,Medium,19.69,98.45
1722D9F6,02/10/2021,652400-98691-RB,R-D-0.5,1,Customer827,customer827@example.com,US,Arabica,Light,Large,9.55,9.55
D86D9306,13/01/2019,311584-49317-CB,D-M-2.5,4,Customer673,customer673@example.com,DE,Blend,Dark,Large,7.53,30.12
2A4A3560,28/11/2021,678441-95224-ZC,L-L-1,6,Customer178,customer178@example.com,FR,Blend,Light,Small,14.43,86.58
0656C177,16/09/2022,383041-75241-ZC,M-R-1,1,Customer991,customer991@example.com,ES,Robusta,Medium,Medium,7.3,7.3
521A5405,14/06/2022,997292-12282-EO,E-E-1,6,Customer620,customer620@example.com,UK,Arabica,Light,Large,11.12,66.72
F4DD967A,22/04/2023,418885-30760-UV,M-E-0.5,2,Customer804,customer804@example.com,IT,Robusta,Light,Medium,16.87,33.74
2F3EA1F4,12/04/2020,622098-58358-FR,D-M-2.5,2,Customer528,customer528@example.com,US,Arabica,Medium,Medium,17.0,34.0
8D08486E,24/06/2022,324165-82726-UV,E-E-2.5,6,Customer650,customer650@example.com,DE,Arabica,Medium,Large,10.24,61.44
62294509,02/06/2022,770785-65595-ZC,R-R-1,1,Customer96,customer96@example.com,ES,Arabica,Light,Medium,5.69,5.69
426B97B7,21/06/2019,660663-97579-OB,L-R-0.5,2,Customer554,customer554@example.com,FR,Robusta,Light,Small,18.44,36.88
72026729,18/04/2023,404335-59314-UA,M-D-1,3,Customer55,customer55@example.com,PL,Arabica,Dark,Small,10.41,31.23
0270057A,28/03/2023,762580-34480-OB,E-E-1,6,Customer201,customer201@example.com,US,Blend,Dark,Medium,10.07,60.42
7DE2158E,22/10/2020,456239-75706-RB,R-R-1,3,Customer910,customer910@example.com,FR,Robusta,Dark,Large,8.45,25.349999999999998
C2AC198E,03/03/2022,563415-51776-IQ,L-E-0.5,1,Customer452,customer452@example.com,ES,Arabica,Light,Small,15.79,15.79
0E5CC178,14/08/2019,709149-16614-HW,M-L-1,4,Customer334,customer334@example.com,IT,Arabica,Dark,Small,9.74,38.96
9CEA52B8,14/01/2021,595765-87939-BY,M-D-0.5,5,Customer833,customer833@example.com,FR,Blend,Light,Medium,5.86,29.3
588DE4B5,05/05/2021,418309-87153-IC,D-A-1,1,Customer710,customer710@example.com,PL,Robusta,Medium,Medium,5.38,5.38
03E28FF8,24/08/2023,444039-81037-QO,M-L-2.5,3,Customer946,customer946@example.com,IT,Blend,Dark,Medium,8.6,25.799999999999997
231643D5,07/06/2019,445685-94596-CB,E-A-2.5,5,Customer453,customer453@example.com,UK,Arabica,Dark,Large,6.88,34.4
20B6C6E1,25/02/2021,778948-56399-FR,D-D-2.5,2,Customer874,customer874@example.com,IT,Robusta,Medium,Large,7.11,14.22
3549FD78,27/10/2019,505401-14448-HI,L-E-2.5,2,Customer640,customer640@example.com,DE,Robusta,Dark,Large,12.22,24.44
70D1CB6B,31/12/2023,935237-80079-CU,A-M-0.5,2,Customer935,customer935@example.com,FR,Blend,Light,Medium,10.58,21.16
33442AB9,07/08/2019,823119-62945-ZN,L-M-2.5,5,Customer395,customer395@example.com,DE,Blend,Light,Medium,13.61,68.05
74B868A9,01/04/2020,217086-25874-PE,A-D-2.5,6,Customer854,customer854@example.com,PL,Blend,Medium,Medium,14.24,85.44
2C64FB13,25/07/2022,981160-55827-FR,M-L-2.5,1,Customer798,customer798@example.com,US,Arabica,Light,Medium,19.07,19.07
B1F5F406,04/08/2020,357093-46664-OB,E-D-2.5,3,Customer293,customer293@example.com,US,Robusta,Light,Medium,19.29,57.87
3115C4FF,12/01/2019,718838-33881-UV,R-D-2.5,3,Customer676,customer676@example.com,FR,Blend,Medium,Medium,5.63,16.89
E38EEDD5,10/12/2019,988944-42026-QO,R-M-0.5,4,Customer191,customer191@example.com,PL,Robusta,Medium,Medium,6.75,27.0
34224404,03/04/2023,176081-82655-HI,D-A-2.5,6,Customer640,customer640@example.com,UK,Blend,Dark,Small,14.87,89.22
4F319848,01/07/2021,568800-46353-RG,E-M-2.5,6,Customer510,customer510@example.com,IT,Blend,Medium,Large,13.57,81.42
2AD23D33,11/10/2021,823399-35022-ST,E-M-2.5,5,Customer939,customer939@example.com,DE,Robusta,Dark,Medium,14.2,71.0
